,artist,song,duration_ms,explicit,year,popularity,danceability,energy,key,loudness,mode,speechiness,acousticness,instrumentalness,liveness,valence,tempo,genre, pop,R&B,country,rock, rock, Folk/Acoustic, easy listening, Dance/Electronic,set(),pop, R&B,World/Traditional, metal, blues,latin,Dance/Electronic, latin,easy listening, jazz, country,metal,Folk/Acoustic, classical, hip hop,hip hop,cat,cluster
0,blink-182,All The Small Things,0.14567313132837212,0.0,1999,0.8876404494382022,0.3605200945626478,0.8919605973943439,0.0,0.7706295088447476,1.0,0.0463096960926194,0.010533813779943212,0.0,0.7101623571858088,0.6908760295218741,0.5881179060146388,"rock, pop",1,0,0,1,0,0,0,0,0,0,0,0,0,0,0,0,0,0,0,0,0,0,0,0,0,0.8888888888888888,4
1,Eminem,The Real Slim Shady,0.4612739999892226,1.0,2000,0.9662921348314607,0.9692671394799054,0.6419870776400806,0.45454545454545453,0.803933194979741,0.0,0.06150506512301014,0.030923559151983318,0.0,0.028743235117257973,0.7721681463258103,0.29493078391853195,hip hop,0,0,0,0,0,0,0,0,0,0,0,0,0,0,0,0,0,0,0,0,0,0,0,0,1,0.2222222222222222,7
2,Modjo,Lady - Hear Me Tonight,0.5231175871489926,0.0,2001,0.8651685393258427,0.6985815602836879,0.7976909225717616,0.5454545454545454,0.7355964028066014,1.0,0.0265918958031838,0.008105487321062053,0.029746192893401014,0.050390859891761876,0.8887581559525083,0.4377187864644107,Dance/Electronic,0,0,0,0,0,0,0,0,0,0,0,0,0,0,0,1,0,0,0,0,0,0,0,0,0,0.2222222222222222,5
3,Alice Deejay,Better Off Alone,0.2745092227856423,0.0,2000,0.8202247191011236,0.640661938534279,0.8739540302934011,0.7272727272727273,0.7098033402510129,0.0,0.057887120115774245,0.0018348721614195689,0.7015228426395939,0.3168971737823211,0.7957000748743182,0.5100641773628938,pop,0,0,0,0,0,0,0,0,0,1,0,0,0,0,0,0,0,0,0,0,0,0,0,0,0,0.7777777777777778,5
4,Gigi D'Agostino,The Riddle,0.46457728225550055,0.0,1999,0.7191011235955056,0.7222222222222222,0.8697171909755322,0.5454545454545454,0.6741772902460716,0.0,0.024782923299565857,0.017706086021364354,0.0015431472081218274,0.06855081178592905,0.8416942988554925,0.4440901135037658,pop,0,0,0,0,0,0,0,0,0,1,0,0,0,0,0,0,0,0,0,0,0,0,0,0,0,0.2222222222222222,5
5,Linkin Park,In the End,0.27988985466635774,0.0,2000,0.9325842696629213,0.504728132387707,0.8570066730219257,0.2727272727272727,0.7235892874789999,0.0,0.06367583212735167,0.009796094349397037,0.0,0.22549609140108237,0.38710022462295435,0.29916728545666704,"rock, metal",0,0,0,1,0,0,0,0,0,0,0,0,1,0,0,0,0,0,0,0,0,0,0,0,0,0.7777777777777778,4
6,Linkin Park,In the End,0.27988985466635774,0.0,2000,0.9325842696629213,0.504728132387707,0.8570066730219257,0.2727272727272727,0.7235892874789999,0.0,0.06367583212735167,0.009796094349397037,0.0,0.22549609140108237,0.38710022462295435,0.29916728545666704,"rock, metal",0,0,0,1,0,0,0,0,0,0,0,0,1,0,0,0,0,0,0,0,0,0,0,0,0,0.7777777777777778,4
7,Da Brat,What'chu Like (feat. Tyrese),0.2914217046660883,1.0,2000,0.5955056179775281,0.8865248226950355,0.6631712742294249,0.9090909090909091,0.5713509240043482,0.0,0.3921852387843705,0.01739870292530345,0.0,0.05460012026458208,0.8331372339287624,0.2648973692585128,"hip hop, pop, R&B",1,0,0,0,0,0,0,0,0,0,1,0,0,0,0,0,0,0,0,0,0,0,0,0,1,0.7777777777777778,7
8,DMX,Party Up,0.4199587224434589,1.0,1999,0.797752808988764,0.45035460992907805,0.9279737315962293,1.0,0.8504792963731594,1.0,0.5857452966714906,0.07559656911283502,0.0,0.5754660252555622,0.526152529682319,0.9408945051447969,"hip hop, pop",1,0,0,0,0,0,0,0,0,0,0,0,0,0,0,0,0,0,0,0,0,0,0,0,1,0.6666666666666666,7
9,Britney Spears,Born to Make You Happy,0.3517025644894462,0.0,1999,0.651685393258427,0.5957446808510638,0.9184408431310243,1.0,0.7743848206344501,0.0,0.04015918958031839,0.11883512462540248,0.0004720812182741117,0.059530968129885745,0.6930152957535566,0.15972074891269758,pop,0,0,0,0,0,0,0,0,0,1,0,0,0,0,0,0,0,0,0,0,0,0,0,0,0,0.1111111111111111,5
10,Avant,Separated,0.3842153761592473,0.0,2000,0.6179775280898876,0.7907801418439717,0.4502700985065141,0.0,0.7387093586322759,1.0,0.00795947901591896,0.25305907657199816,0.0,0.259170174383644,0.6470210717723821,0.31970669353983244,"pop, R&B",0,0,0,0,0,0,0,0,0,1,1,0,0,0,0,0,0,0,0,0,0,0,0,0,0,0.1111111111111111,2
11,Mary Mary,Shackles (Praise You),0.22995263319556186,0.0,2000,0.7191011235955056,0.7683215130023641,0.8252303781379091,0.6363636363636364,0.8766182429093784,1.0,0.2510853835021708,0.0351244614648157,0.0,0.08069753457606733,0.814953470959461,0.2681194971889254,R&B,0,1,0,0,0,0,0,0,0,0,0,0,0,0,0,0,0,0,0,0,0,0,0,0,0,0.4444444444444444,2
12,Mariah Carey,Thank God I Found You (feat. Joe & 98°),0.388957445318015,0.0,1999,0.6629213483146067,0.25886524822695034,0.5053490096388095,0.9090909090909091,0.7229963435122048,1.0,0.017908827785817656,0.6065496370420401,0.0,0.10162357185808778,0.11755267943095518,0.4593057176196032,"pop, R&B",0,0,0,0,0,0,0,0,0,1,1,0,0,0,0,0,0,0,0,0,0,0,0,0,0,0.1111111111111111,2
13,LeAnn Rimes,Can't Fight The Moonlight,0.276187807493547,0.0,2001,0.7303370786516854,0.5898345153664303,0.8252303781379091,0.5454545454545454,0.7003162367822907,0.0,0.047937771345875554,0.41289828652366933,0.0,0.03547805171377029,0.6288373088030805,0.2509149252148085,"pop, country",0,0,0,0,0,0,0,0,0,1,0,0,0,0,0,0,0,0,0,1,0,0,0,0,0,0.7777777777777778,2
14,P!nk,Most Girls,0.5010427163434336,0.0,2000,0.5842696629213483,0.7245862884160756,0.717190975532253,0.18181818181818182,0.7148927759660045,0.0,0.014290882778581768,0.04342380505846017,0.004527918781725889,0.09561034275405894,0.7015723606802866,0.25129282910788164,pop,0,0,0,0,0,0,0,0,0,1,0,0,0,0,0,0,0,0,0,0,0,0,0,0,0,0.2222222222222222,5
15,Craig David,Fill Me In,0.3885263481217634,0.0,2000,0.6741573033707865,0.6536643026004729,0.7299014934858595,0.7272727272727273,0.6686925585532167,1.0,0.02405933429811867,0.3852338078781878,0.00965482233502538,0.046301864101022244,0.8438335650871751,0.4804948552031399,"hip hop, pop, R&B",1,0,0,0,0,0,0,0,0,0,1,0,0,0,0,0,0,0,0,0,0,0,0,0,1,0.1111111111111111,1
16,Craig David,Fill Me In,0.3885263481217634,0.0,2000,0.6741573033707865,0.6536643026004729,0.7299014934858595,0.7272727272727273,0.6686925585532167,1.0,0.02405933429811867,0.3852338078781878,0.00965482233502538,0.046301864101022244,0.8438335650871751,0.4804948552031399,"hip hop, pop, R&B",1,0,0,0,0,0,0,0,0,0,1,0,0,0,0,0,0,0,0,0,0,0,0,0,1,0.1111111111111111,1
17,Céline Dion,That's the Way It Is,0.34588275234004945,0.0,1999,0.7191011235955056,0.5969267139479906,0.8803092892702045,0.8181818181818182,0.7456270382448859,1.0,0.0365412445730825,0.15777031679311723,0.0,0.11605532170775706,0.5764252861268584,0.21892569216081476,pop,0,0,0,0,0,0,0,0,0,1,0,0,0,0,0,0,0,0,0,0,0,0,0,0,0,0.1111111111111111,5
18,3 Doors Down,Kryptonite,0.3258367327143496,0.0,2000,0.8764044943820225,0.49172576832151305,0.8580658828513928,1.0,0.7315940310307343,0.0,0.009768451519536907,0.006783740008000158,1.116751269035533e-05,0.17618761274804573,0.5400577601882555,0.25849952264771403,"pop, rock, metal",0,0,0,0,1,0,0,0,0,1,0,0,1,0,0,0,0,0,0,0,0,0,0,0,0,0.3333333333333333,4
19,Fuel,Hemorrhage (In My Hands),0.33373928319313695,0.0,2000,0.550561797752809,0.21749408983451538,0.8220527486495074,0.09090909090909091,0.8212273940112659,1.0,0.031114327062228657,0.00011045299251788559,0.0003461928934010152,0.2627781118460613,0.3143651727457482,0.6100495915985997,"rock, pop, metal",1,0,0,1,0,0,0,0,0,0,0,0,1,0,0,0,0,0,0,0,0,0,0,0,0,0.3333333333333333,4
20,Savage Garden,Crash and Burn,0.45390762664827317,0.0,1999,0.6067415730337079,0.5342789598108747,0.5847897468488508,0.36363636363636365,0.5957110386401818,1.0,0.00868306801736614,0.19363167800022296,1.6243654822335024e-06,0.08021647624774506,0.18707883196063751,0.2785284289805877,pop,0,0,0,0,0,0,0,0,0,1,0,0,0,0,0,0,0,0,0,0,0,0,0,0,0,0.2222222222222222,2
21,Gabrielle,Rise,0.2858524677620128,0.0,2001,0.6741573033707865,0.5070921985815604,0.45132930833598134,0.7272727272727273,0.5448660934874987,1.0,0.005065123010130247,0.32273257834580354,8.964467005076143e-06,0.08238123872519544,0.6341854743822869,0.561246950249284,"pop, R&B",0,0,0,0,0,0,0,0,0,1,1,0,0,0,0,0,0,0,0,0,0,0,0,0,0,0.7777777777777778,2
22,Gabrielle,Rise,0.2858524677620128,0.0,2001,0.6741573033707865,0.5070921985815604,0.45132930833598134,0.7272727272727273,0.5448660934874987,1.0,0.005065123010130247,0.32273257834580354,8.964467005076143e-06,0.08238123872519544,0.6341854743822869,0.561246950249284,"pop, R&B",0,0,0,0,0,0,0,0,0,1,1,0,0,0,0,0,0,0,0,0,0,0,0,0,0,0.7777777777777778,2
23,Creed,With Arms Wide Open,0.4359470397094405,0.0,1999,0.7191011235955056,0.3321513002364066,0.51276347844508,0.0,0.5979839905128965,1.0,0.012662807525325621,0.004334921342714939,0.0009035532994923857,0.11485267588695129,0.11006524762006631,0.5226543439058025,"pop, rock, metal",0,0,0,0,1,0,0,0,0,1,0,0,1,0,0,0,0,0,0,0,0,0,0,0,0,0.6666666666666666,4
24,iio,Rapture (feat.Nadia Ali),0.37878894020143017,0.0,2006,0.6067415730337079,0.6288416075650118,0.8474737845567206,0.7272727272727273,0.5984286984879928,1.0,0.0262301013024602,0.07395719260051017,0.01878172588832487,0.21346963319302467,0.6020964809070488,0.42380927124217677,Dance/Electronic,0,0,0,0,0,0,0,0,0,0,0,0,0,0,0,1,0,0,0,0,0,0,0,0,0,0.1111111111111111,5
25,Jessica Simpson,Irresistible,0.21831300889676838,0.0,2001,0.48314606741573035,0.624113475177305,0.9639868657981145,0.7272727272727273,0.8767170669038442,0.0,0.05861070911722142,0.029181721607638184,8.9746192893401e-05,0.04052916416115454,0.674831532784255,0.2187466850535696,"pop, R&B",0,0,0,0,0,0,0,0,0,1,1,0,0,0,0,0,0,0,0,0,0,0,0,0,0,0.4444444444444444,5
26,Michael Jackson,You Rock My World,0.6055110387825815,0.0,2001,0.7191011235955056,0.8569739952718676,0.6546975955936871,0.36363636363636365,0.8588793359027571,0.0,0.29269175108538353,0.03891551964956688,0.00023045685279187816,0.2808177991581479,0.9807466039148572,0.23192028216824018,"pop, R&B",0,0,0,0,0,0,0,0,0,1,1,0,0,0,0,0,0,0,0,0,0,0,0,0,0,1.0,5
27,Gorillaz,Clint Eastwood,0.6140979560604183,1.0,2001,0.8314606741573034,0.6312056737588653,0.6769410020124986,0.9090909090909091,0.5873604111078169,0.0,0.2673661360347323,0.025902968582988517,0.0,0.058087793144918826,0.5208043641031127,0.7155908560517662,hip hop,0,0,0,0,0,0,0,0,0,0,0,0,0,0,0,0,0,0,0,0,0,0,0,0,1,1.0,7
28,Jennifer Lopez,Love Don't Cost a Thing,0.29159953225954205,0.0,2001,0.7528089887640449,0.7765957446808511,0.8337040567736468,0.36363636363636365,0.7608953453898606,0.0,0.0859261939218524,0.0031053889584713146,3.5939086294416242e-06,0.5429945880938063,0.6919456626377153,0.2490055160708603,"hip hop, pop, R&B",1,0,0,0,0,0,0,0,0,0,1,0,0,0,0,0,0,0,0,0,0,0,0,0,1,0.7777777777777778,1
29,112,Peaches & Cream,0.2157991733711262,0.0,2001,0.7078651685393258,0.6477541371158393,0.49263849168520285,0.36363636363636365,0.7045656685443226,0.0,0.5622286541244574,0.0028184980688144685,0.0,0.038123872519542995,0.7807252112525405,0.9536636787949506,"hip hop, pop, R&B",1,0,0,0,0,0,0,0,0,0,1,0,0,0,0,0,0,0,0,0,0,0,0,0,1,0.4444444444444444,1
30,Blue,If You Come Back,0.2547784429847014,0.0,2001,0.651685393258427,0.5354609929078014,0.6907107297955725,0.9090909090909091,0.7919260796521396,1.0,0.01573806078147612,0.08420329580254038,0.0,0.030306674684305472,0.7090597924911755,0.1216983133552562,pop,0,0,0,0,0,0,0,0,0,1,0,0,0,0,0,0,0,0,0,0,0,0,0,0,0,0.4444444444444444,5
31,Musiq Soulchild,Love,0.5164167201047566,0.0,2000,0.0,0.5200945626477541,0.3496451647071285,0.09090909090909091,0.5235201106828737,0.0,0.04829956584659914,0.3503970569912851,0.0,0.07949488875526156,0.3218526045566371,0.263332714543333,"pop, R&B",0,0,0,0,0,0,0,0,0,1,1,0,0,0,0,0,0,0,0,0,0,0,0,0,0,0.2222222222222222,2
32,Avril Lavigne,Complicated,0.3543241743141513,0.0,2002,0.8764044943820225,0.5390070921985816,0.7637962080288105,0.45454545454545453,0.7222057515564779,1.0,0.04106367583212736,0.058588037797464874,7.85786802030457e-06,0.3349368610944077,0.4159803187506685,0.1191259149252148,pop,0,0,0,0,0,0,0,0,0,1,0,0,0,0,0,0,0,0,0,0,0,0,0,0,0,0.1111111111111111,5
33,No Doubt,Underneath It All,0.5111735004553464,0.0,2001,0.30337078651685395,0.7092198581560284,0.7161317657027857,0.36363636363636365,0.7753730605791086,1.0,0.08176555716353112,0.23768992176895284,1.5939086294416243e-06,0.444377630787733,0.8566691624772703,0.518344913546197,"rock, pop",1,0,0,1,0,0,0,0,0,0,0,0,0,0,0,0,0,0,0,0,0,0,0,0,0,0.2222222222222222,4
34,Marilyn Manson,Tainted Love,0.23555689674683278,0.0,2003,0.6741573033707865,0.58274231678487,0.8697171909755322,0.7272727272727273,0.6292617847613401,1.0,0.08972503617945009,0.0010766605244693337,1.8578680203045686e-06,0.32531569452796144,0.5336399614932079,0.5436379548106502,"rock, metal",0,0,0,1,0,0,0,0,0,0,0,0,1,0,0,0,0,0,0,0,0,0,0,0,0,0.4444444444444444,4
35,Brandy,Full Moon,0.366252094862938,0.0,2002,0.5842696629213483,0.5697399527186762,0.6345726088338101,0.9090909090909091,0.7753236485818756,0.0,0.20947901591895807,0.3811353665973757,0.004385786802030457,0.08550811785929044,0.610653545833779,0.3043319719953326,"hip hop, pop, R&B",1,0,0,0,0,0,0,0,0,0,1,0,0,0,0,0,0,0,0,0,0,0,0,0,1,0.1111111111111111,1
36,Disturbing Tha Peace,Move Bitch,0.42919228551567307,1.0,2002,0.6629213483146067,0.7659574468085106,0.73731596229213,0.09090909090909091,0.7323846229864611,1.0,0.1986251808972504,0.2510098559315921,0.0,0.09440769693325317,0.16354690341212966,0.781498620982285,"hip hop, pop",1,0,0,0,0,0,0,0,0,0,0,0,0,0,0,0,0,0,0,0,0,0,0,0,1,0.6666666666666666,7
37,Kylie Minogue,Love at First Sight,0.3375113836603385,0.0,2001,0.6179775280898876,0.5602836879432624,0.7616777883698761,0.2727272727272727,0.7139045360213461,0.0,0.035455861070911726,0.029489104703699087,0.05177664974619289,0.038244137101623575,0.47267087389025564,0.4307772886390156,"pop, Dance/Electronic",0,0,0,0,0,0,0,1,0,1,0,0,0,0,0,0,0,0,0,0,0,0,0,0,0,0.3333333333333333,5
38,Gareth Gates,Unchained Melody,0.3251173392681047,0.0,2003,0.39325842696629215,0.28250591016548465,0.3930727677152844,0.9090909090909091,0.6159205455084494,1.0,0.008140376266280754,0.2612559591336223,5.472081218274112e-06,0.10402886349969932,0.18173066638143118,0.3082966479261695,pop,0,0,0,0,0,0,0,0,0,1,0,0,0,0,0,0,0,0,0,0,0,0,0,0,0,0.3333333333333333,2
39,A1,Caught in the Middle,0.2518308159053311,0.0,2001,0.5955056179775281,0.4609929078014185,0.8675987713165978,0.45454545454545453,0.7605494614092302,1.0,0.019536903039073815,0.053669908260490375,0.0,0.26638604930847865,0.5710771205476521,0.23902752731515864,pop,0,0,0,0,0,0,0,0,0,1,0,0,0,0,0,0,0,0,0,0,0,0,0,0,0,0.4444444444444444,5
40,Ashanti,Happy,0.4020681887990171,1.0,2002,0.6853932584269663,0.706855791962175,0.48734244253786674,0.18181818181818182,0.68984089336891,0.0,0.010311143270622289,0.24691141465078,3.7969543147208122e-06,0.12327119663259171,0.7026419937961279,0.19537631271878647,"hip hop, pop, R&B",1,0,0,0,0,0,0,0,0,0,1,0,0,0,0,0,0,0,0,0,0,0,0,0,1,0.6666666666666666,7
41,Cam’ron,Oh Boy,0.24708874674656334,1.0,2002,0.7528089887640449,0.7387706855791962,0.7542633195636056,0.5454545454545454,0.7376222946931514,1.0,0.2203328509406657,0.022111910398237344,0.0,0.1809981960312688,0.8449031982030163,0.15245438633711678,"hip hop, pop",1,0,0,0,0,0,0,0,0,0,0,0,0,0,0,0,0,0,0,0,0,0,0,0,1,0.4444444444444444,7
42,Puddle Of Mudd,She Hates Me,0.279566531769169,1.0,2001,0.7865168539325843,0.5330969267139479,0.7341383328037284,0.36363636363636365,0.7451823302697895,1.0,0.016461649782923308,0.009560433975750343,0.0,0.8797354179194228,0.5839127179377473,0.3299167285456668,"rock, metal",0,0,0,1,0,0,0,0,0,0,0,0,1,0,0,0,0,0,0,0,0,0,0,0,0,0.7777777777777778,4
43,Daniel Bedingfield,If You're Not The One,0.38805752992083975,0.0,2002,0.651685393258427,0.660756501182033,0.5117042686156128,0.9090909090909091,0.6377112362881707,1.0,0.010853835021707675,0.5163839288641744,0.0,0.10763680096211665,0.24804791956358974,0.39765434390580257,pop,0,0,0,0,0,0,0,0,0,1,0,0,0,0,0,0,0,0,0,0,0,0,0,0,0,0.1111111111111111,2
44,Daniel Bedingfield,If You're Not The One,0.38805752992083975,0.0,2002,0.651685393258427,0.660756501182033,0.5117042686156128,0.9090909090909091,0.6377112362881707,1.0,0.010853835021707675,0.5163839288641744,0.0,0.10763680096211665,0.24804791956358974,0.39765434390580257,pop,0,0,0,0,0,0,0,0,0,1,0,0,0,0,0,0,0,0,0,0,0,0,0,0,0,0.1111111111111111,2
45,Outkast,The Whole World (feat. Killer Mike),0.49130530842310033,1.0,2001,0.5730337078651685,0.8096926713947991,0.844296155068319,0.18181818181818182,0.7084692163257239,1.0,0.6834298118668597,0.09813799615730145,1.3401015228426397e-06,0.00877931449188214,0.7261739223446357,0.826502333722287,"hip hop, pop",1,0,0,0,0,0,0,0,0,0,0,0,0,0,0,0,0,0,0,0,0,0,0,0,1,0.2222222222222222,7
46,DMX,X Gon' Give It To Ya,0.28179207104481796,1.0,2007,0.7865168539325843,0.7470449172576833,0.8940790170532783,0.9090909090909091,0.8609546397865402,0.0,0.28907380607814764,0.013812566804592877,0.0,0.06061334936861095,0.6791100652476201,0.23209928927548534,"hip hop, pop",1,0,0,0,0,0,0,0,0,0,0,0,0,0,0,0,0,0,0,0,0,0,0,0,1,0.7777777777777778,7
47,Lil Jon & The East Side Boyz,Get Low,0.5701260420427541,0.0,2002,0.5280898876404494,0.7695035460992908,0.5816121173604492,0.09090909090909091,0.6174029054254373,1.0,0.02966714905933431,0.02252175452631855,0.0,0.2074564040889958,0.08760295218739973,0.2719847247268485,"hip hop, pop",1,0,0,0,0,0,0,0,0,0,0,0,0,0,0,0,0,0,0,0,0,0,0,0,1,1.0,1
48,Lil' Kim,Magic Stick,0.6654335490615553,1.0,2019,0.5280898876404494,0.851063829787234,0.469335875436924,0.18181818181818182,0.6246664690186777,1.0,0.4500723589001448,0.11883512462540248,4.5583756345177664e-05,0.296452194828623,0.4962028024387635,0.21852789858915886,"hip hop, pop, R&B",1,0,0,0,0,0,0,0,0,0,1,0,0,0,0,0,0,0,0,0,0,0,0,0,1,1.0,7
49,50 Cent,21 Questions,0.30025919718924626,1.0,2003,0.8089887640449438,0.6111111111111112,0.8029869717190975,0.5454545454545454,0.8235991698784465,0.0,0.49891461649782926,0.3575693292327062,9.512690355329949e-05,0.025496091401082385,0.9165686169643813,0.21686379548106505,"hip hop, pop",1,0,0,0,0,0,0,0,0,0,0,0,0,0,0,0,0,0,0,0,0,0,0,0,1,0.7777777777777778,7
50,Audioslave,Like a Stone,0.48757092896057075,0.0,2002,0.8426966292134831,0.5732860520094563,0.5434805634996293,0.6363636363636364,0.7430082023915406,0.0,0.00795947901591896,0.008146471733870174,0.0,0.09404690318701141,0.5111776660605413,0.31710777553834735,"rock, metal",0,0,0,1,0,0,0,0,0,0,0,0,1,0,0,0,0,0,0,0,0,0,0,0,0,0.2222222222222222,4
51,The Roots,The Seed (2.0),0.4174448869178167,1.0,2002,0.7078651685393258,0.7434988179669031,0.9555131871623769,0.6363636363636364,0.9009289455479791,1.0,0.022612156295224322,0.0399401299697699,0.0,0.13409500901984367,0.9925125681891112,0.3388007849793147,hip hop,0,0,0,0,0,0,0,0,0,0,0,0,0,0,0,0,0,0,0,0,0,0,0,0,1,0.6666666666666666,7
52,Chingy,Holidae In,0.542643595781714,1.0,2003,0.6853932584269663,0.8049645390070923,0.7796843554708188,0.6363636363636364,0.7216622195869158,1.0,0.28545586107091175,0.09147802907598183,0.0,0.07492483463619964,0.9732591721039683,0.6168982709239419,"hip hop, pop, R&B",1,0,0,0,0,0,0,0,0,0,1,0,0,0,0,0,0,0,0,0,0,0,0,0,1,1.0,7
53,Switchfoot,Meant to Live,0.238108453277147,0.0,2003,0.6853932584269663,0.31678486997635935,0.8983158563711472,0.18181818181818182,0.787478999901176,1.0,0.04070188133140376,0.0058718368230194695,1.6243654822335024e-06,0.40950090198436556,0.553962990694192,0.6068473533467699,"rock, pop",1,0,0,1,0,0,0,0,0,0,0,0,0,0,0,0,0,0,0,0,0,0,0,0,0,0.4444444444444444,4
54,Will Young,Leave Right Now,0.27410506916415645,0.0,2003,0.6179775280898876,0.6052009456264775,0.4131977544751615,0.5454545454545454,0.5850380472378693,1.0,0.024602026049204057,0.14854882391129004,0.0,0.10402886349969932,0.36891646165365277,0.14527421236872812,pop,0,0,0,0,0,0,0,0,0,1,0,0,0,0,0,0,0,0,0,0,0,0,0,0,0,0.7777777777777778,2
55,Will Young,Leave Right Now,0.27410506916415645,0.0,2003,0.6179775280898876,0.6052009456264775,0.4131977544751615,0.5454545454545454,0.5850380472378693,1.0,0.024602026049204057,0.14854882391129004,0.0,0.10402886349969932,0.36891646165365277,0.14527421236872812,pop,0,0,0,0,0,0,0,0,0,1,0,0,0,0,0,0,0,0,0,0,0,0,0,0,0,0.7777777777777778,2
56,Kelis,Trick Me,0.25086084721376495,1.0,2003,0.7078651685393258,0.9940898345153665,0.7044804575786463,0.09090909090909091,0.8482557564976776,0.0,0.2275687409551375,0.03778844829734356,0.0003949238578680203,0.3662056524353578,0.9882340357257461,0.3126060782857749,"pop, R&B, Dance/Electronic",0,0,0,0,0,0,0,1,0,1,1,0,0,0,0,0,0,0,0,0,0,0,0,0,0,0.4444444444444444,5
57,Robbie Williams,Radio,0.32493951167465096,0.0,2004,0.3707865168539326,0.5650118203309693,0.8675987713165978,0.45454545454545453,0.7463682182033798,0.0,0.021164978292329963,0.0033717876417240994,0.050152284263959394,0.2868310282621768,0.8641565942881592,0.4640659806937519,"pop, rock",0,0,0,0,1,0,0,0,0,1,0,0,0,0,0,0,0,0,0,0,0,0,0,0,0,0.3333333333333333,5
58,Kevin Lyttle,Turn Me On,0.21313984254174906,0.0,2004,0.7528089887640449,0.6477541371158393,0.6642304840588922,0.8181818181818182,0.6737325822709754,1.0,0.023335745296671494,0.04147704545007443,0.0,0.01635598316295851,0.895175954647556,0.30669884374668505,hip hop,0,0,0,0,0,0,0,0,0,0,0,0,0,0,0,0,0,0,0,0,0,0,0,0,1,0.4444444444444444,1
59,Chingy,One Call Away,0.4413357546625856,0.0,2003,0.6853932584269663,0.7517730496453902,0.8114606503548353,0.36363636363636365,0.7208222156339559,0.0,0.28907380607814764,0.09403955487648938,0.0,0.23511725796752855,0.9882340357257461,0.6795640182454652,"hip hop, pop, R&B",1,0,0,0,0,0,0,0,0,0,1,0,0,0,0,0,0,0,0,0,0,0,0,0,1,0.6666666666666666,1
60,N.E.R.D,She Wants To Move,0.2715535126338422,0.0,2004,0.6404494382022472,0.7529550827423168,0.8432369452388518,0.45454545454545453,0.7749283526040123,1.0,0.10021707670043417,0.0040992609690682445,0.0007553299492385787,0.28202044497895373,0.814953470959461,0.36459769810119874,hip hop,0,0,0,0,0,0,0,0,0,0,0,0,0,0,0,0,0,0,0,0,0,0,0,0,1,0.7777777777777778,1
61,Franz Ferdinand,Take Me Out,0.33417038038938857,0.0,2004,0.8651685393258427,0.1749408983451537,0.644105497299015,0.36363636363636365,0.5777744836446289,0.0,0.0262301013024602,0.0003993931028151374,0.000517766497461929,0.137702946482261,0.5229436303347952,0.295308687811605,rock,0,0,0,1,0,0,0,0,0,0,0,0,0,0,0,0,0,0,0,0,0,0,0,0,0,0.3333333333333333,4
62,Kanye West,Jesus Walks,0.21752356215613264,1.0,2004,0.8202247191011236,0.6004728132387707,0.8252303781379091,0.2727272727272727,0.7820930922027868,0.0,0.54232995658466,0.6290910640865066,0.0,0.3553818400481058,0.7240346561129533,0.1809496658533998,hip hop,0,0,0,0,0,0,0,0,0,0,0,0,0,0,0,0,0,0,0,0,0,0,0,0,1,0.4444444444444444,7
63,Rihanna,Pon de Replay,0.3609361275616604,0.0,2005,0.8651685393258427,0.7683215130023641,0.6197436712212689,0.6363636363636364,0.5978357545211977,1.0,0.24565846599131697,0.00013914208148357017,0.000781725888324873,0.09561034275405894,0.49192426997539845,0.2585658215763234,"hip hop, pop, R&B",1,0,0,0,0,0,0,0,0,0,1,0,0,0,0,0,0,0,0,0,0,0,0,0,1,0.1111111111111111,1
64,Crazy Frog,Axel F,0.15055800143339818,0.0,2005,0.7528089887640449,0.8640661938534279,0.9025526956890161,0.18181818181818182,0.8495404684257337,1.0,0.03165701881331404,0.28584660681849483,0.7035532994923858,0.052074564040889955,0.7999786073376832,0.5173040203670308,pop,0,0,0,0,0,0,0,0,0,1,0,0,0,0,0,0,0,0,0,0,0,0,0,0,0,0.8888888888888888,5
65,The Game,How We Do,0.3301477046768657,1.0,2005,0.8314606741573034,0.8664302600472813,0.6282173498570067,0.36363636363636365,0.6479395197153869,0.0,0.4120839363241679,0.046600097051089535,0.0,0.014070956103427543,0.6406032730773344,0.2518895194653655,"hip hop, pop",1,0,0,0,0,0,0,0,0,0,0,0,0,0,0,0,0,0,0,0,0,0,0,0,1,0.3333333333333333,7
66,Mariah Carey,It's Like That,0.24346214158309668,0.0,2005,0.0,0.7931442080378251,0.6123292024149984,0.7272727272727273,0.7727542247257634,0.0,0.05101302460202606,0.09229771733214424,0.0,0.01202645820805773,0.8534602631297464,0.2382385700647078,"pop, R&B",0,0,0,0,0,0,0,0,0,1,1,0,0,0,0,0,0,0,0,0,0,0,0,0,0,0.4444444444444444,5
67,Black Eyed Peas,My Humps,0.5764847256874653,0.0,2005,0.7528089887640449,0.7955082742316786,0.6642304840588922,0.09090909090909091,0.7209210396284218,0.0,0.3596237337192475,0.11371207302438738,1.4111675126903554e-05,0.1052315093205051,0.5860519841694298,0.4238556804922033,"hip hop, pop",1,0,0,0,0,0,0,0,0,0,0,0,0,0,0,0,0,0,0,0,0,0,0,0,1,1.0,1
68,Natalie Imbruglia,Shiver,0.2954443803786111,0.0,2005,0.5842696629213483,0.425531914893617,0.7870988242770893,0.09090909090909091,0.7917778436604408,1.0,0.015195369030390747,0.0011586293500855753,2.852791878172589e-06,0.153337342152736,0.2897636110813991,0.22637106184364061,"pop, Folk/Acoustic",0,0,0,0,0,1,0,0,0,1,0,0,0,0,0,0,0,0,0,0,0,0,0,0,0,0.7777777777777778,2
69,Black Eyed Peas,Don't Lie,0.28560189251669155,0.0,2005,0.6853932584269663,0.6300236406619386,0.7733290964940155,0.8181818181818182,0.7518035378990019,1.0,0.2945007235890015,0.16391797871433536,0.0,0.06843054720384846,0.6053053802545727,0.19800838018457628,"hip hop, pop",1,0,0,0,0,0,0,0,0,0,0,0,0,0,0,0,0,0,0,0,0,0,0,0,1,0.7777777777777778,1
70,Papa Roach,Scars,0.2565001374122313,0.0,2004,0.6741573033707865,0.38534278959810875,0.9258553119372949,1.0,0.85082518035379,1.0,0.04739507959479016,0.08963373049961638,0.0,0.24594107035478052,0.4769494063536207,0.19732550121990028,"rock, metal",0,0,0,1,0,0,0,0,0,0,0,0,1,0,0,0,0,0,0,0,0,0,0,0,0,0.4444444444444444,4
71,Kaiser Chiefs,I Predict A Riot,0.3238240476793499,0.0,2005,0.7078651685393258,0.3144208037825059,0.9788158034106557,0.7272727272727273,0.853493428204368,1.0,0.09659913169319828,0.024878358262785494,0.0,0.11846061334936861,0.39779655578136697,0.6551859021958206,rock,0,0,0,1,0,0,0,0,0,0,0,0,0,0,0,0,0,0,0,0,0,0,0,0,0,0.3333333333333333,4
72,Ryan Cabrera,True,0.24565265421155016,0.0,2004,0.6966292134831461,0.5543735224586288,0.36553331214913676,0.5454545454545454,0.5168494910564284,1.0,0.0016280752532561533,0.4702764644550385,0.0,0.15574263379434758,0.3539415980318751,0.24476901453272518,pop,0,0,0,0,0,0,0,0,0,1,0,0,0,0,0,0,0,0,0,0,0,0,0,0,0,0.4444444444444444,2
73,Toby Keith,As Good As I Once Was,0.309420012609593,0.0,2005,0.7528089887640449,0.6513002364066195,0.8633619319987289,0.45454545454545453,0.7932107915801956,1.0,0.029124457308248922,0.27252667265585556,0.0,0.1052315093205051,0.6502299711199059,0.39153495279516287,country,0,0,1,0,0,0,0,0,0,0,0,0,0,0,0,0,0,0,0,0,0,0,0,0,0,0.3333333333333333,2
74,Bob Sinclar,Rock This Party - Everybody Dance Now,0.35691075749166096,0.0,2006,0.7752808988764045,0.9030732860520095,0.8135790700137697,0.45454545454545453,0.8304180254965905,0.0,0.17872648335745298,0.07313750434434776,0.0,0.035357787131689716,0.9240560487752701,0.4507664156147236,"pop, Dance/Electronic",0,0,0,0,0,0,0,1,0,1,0,0,0,0,0,0,0,0,0,0,0,0,0,0,0,0.1111111111111111,5
75,Diddy,Come to Me (feat. Nicole Scherzinger),0.4412980336579136,1.0,2006,0.6179775280898876,0.8156028368794326,0.4555661476538502,0.5454545454545454,0.6949303290839016,0.0,0.09479015918958032,0.01801346911742526,0.0,0.7654840649428744,0.3721253610011766,0.24516680810438107,"hip hop, pop",1,0,0,0,0,0,0,0,0,0,0,0,0,0,0,0,0,0,0,0,0,0,0,0,1,0.6666666666666666,7
76,Nelly,Grillz,0.42613957849471634,0.0,2005,0.6741573033707865,0.8723404255319149,0.47569113441372735,0.36363636363636365,0.6313370886451231,0.0,0.39399421128798845,0.036661376945120235,0.0,0.34335538184004805,0.8577387955931115,0.15233504826562,"hip hop, pop, R&B",1,0,0,0,0,0,0,0,0,0,1,0,0,0,0,0,0,0,0,0,0,0,0,0,1,0.6666666666666666,1
77,KT Tunstall,Black Horse And The Cherry Tree,0.1599720864565427,0.0,2005,0.7191011235955056,0.7316784869976359,0.7743883063234828,0.36363636363636365,0.6288170767862437,0.0,0.07398697539797397,0.3360525125084428,0.0,0.3830426939266386,0.9401005455128891,0.2971120186697783,"World/Traditional, pop, Folk/Acoustic",1,0,0,0,0,1,0,0,0,0,0,1,0,0,0,0,0,0,0,0,0,0,0,0,0,0.8888888888888888,2
78,James Morrison,You Give Me Something,0.2699018715007032,0.0,2006,0.7191011235955056,0.5082742316784871,0.6705857430356953,0.6363636363636364,0.6926573772111868,1.0,0.16425470332850942,0.2212961566457045,0.0,0.07696933253156946,0.5774949192426997,0.13083430571761961,"pop, R&B",0,0,0,0,0,0,0,0,0,1,1,0,0,0,0,0,0,0,0,0,0,0,0,0,0,0.7777777777777778,2
79,Gym Class Heroes,Cupid's Chokehold / Breakfast in America - Radio Mix,0.3345664509384447,0.0,2007,0.6629213483146067,0.5378250591016548,0.6631712742294249,0.09090909090909091,0.7624271173040814,0.0,0.0993125904486252,0.5071624359823472,0.0,0.32170775706554416,0.8374157663921274,0.1304961811817121,"hip hop, pop",1,0,0,0,0,0,0,0,0,0,0,0,0,0,0,0,0,0,0,0,0,0,0,0,1,0.3333333333333333,1
80,My Chemical Romance,Teenagers,0.13180796775392972,0.0,2006,0.898876404494382,0.3947990543735225,0.8495922042156551,0.36363636363636365,0.8622887637118293,1.0,0.07235890014471782,0.05182560968412494,0.0,0.19542994588093807,0.8748529254465718,0.3422881086241647,rock,0,0,0,1,0,0,0,0,0,0,0,0,0,0,0,0,0,0,0,0,0,0,0,0,0,0.0,4
81,Calvin Harris,Acceptable in the 80's,0.5945908079300329,0.0,2007,0.6404494382022472,0.7777777777777778,0.7976909225717616,0.6363636363636364,0.744144678327898,1.0,0.05047033285094067,0.014632255060755293,0.2609137055837564,0.0301864101022249,0.9668413734089207,0.45064044765036604,"hip hop, pop, Dance/Electronic",1,0,0,0,0,0,0,1,0,0,0,0,0,0,0,0,0,0,0,0,0,0,0,0,1,1.0,1
82,Nickelback,Rockstar,0.37462346354264897,0.0,2005,0.7752808988764045,0.5756501182033097,0.9057303251774177,0.0,0.8652040715485719,1.0,0.027858176555716364,0.04700994117917075,0.0,0.3866506313890559,0.7005027275644453,0.5572623846398642,"rock, metal",0,0,0,1,0,0,0,0,0,0,0,0,1,0,0,0,0,0,0,0,0,0,0,0,0,0.1111111111111111,4
83,Justin Timberlake,LoveStoned / I Think She Knows (Interlude),0.8927295457852166,1.0,2006,0.6404494382022472,0.8628841607565012,0.6631712742294249,0.09090909090909091,0.7049609645221859,1.0,0.05734442836468886,0.34834783635087907,0.0001634517766497462,0.23030667468430546,0.8705743929832067,0.40590856051766205,pop,0,0,0,0,0,0,0,0,0,1,0,0,0,0,0,0,0,0,0,0,0,0,0,0,0,0.5555555555555556,2
84,Amy Winehouse,Back To Black,0.34566720374192367,1.0,2006,0.8539325842696629,0.32387706855791965,0.3888359283974155,0.6363636363636364,0.32364858187567935,0.0,0.02550651230101303,0.13727811038905685,2.081218274111675e-05,0.07769092002405291,0.36356829607444646,0.41575395141614513,R&B,0,1,0,0,0,0,0,0,0,0,0,0,0,0,0,0,0,0,0,0,0,0,0,0,0,0.1111111111111111,2
85,Foo Fighters,The Pretender,0.4213247616840812,0.0,2007,0.8764044943820225,0.35933806146572106,0.9576316068213113,0.8181818181818182,0.8140132424152584,1.0,0.03599855282199711,0.0009198951454782717,0.0,0.007817197835237525,0.34966306556851,0.748945847035112,"rock, metal",0,0,0,1,0,0,0,0,0,0,0,0,1,0,0,0,0,0,0,0,0,0,0,0,0,0.6666666666666666,4
86,Kaiser Chiefs,Ruby,0.24572540186341763,0.0,2007,0.7528089887640449,0.3806146572104019,0.9364474102319669,0.45454545454545453,0.8742958790394307,0.0,0.05065123010130247,0.006875954936818429,4.923857868020305e-06,0.06722790138304269,0.43844261418333513,0.22141853187652488,rock,0,0,0,1,0,0,0,0,0,0,0,0,0,0,0,0,0,0,0,0,0,0,0,0,0,0.4444444444444444,4
87,Boys Like Girls,The Great Escape,0.251976311209066,0.0,2007,0.6966292134831461,0.3475177304964539,0.9375066200614341,0.09090909090909091,0.8153967783377803,0.0,0.0729015918958032,0.0016811806133891158,0.0,0.18821407095610343,0.4994117017862873,0.5961268165906438,pop,0,0,0,0,0,0,0,0,0,1,0,0,0,0,0,0,0,0,0,0,0,0,0,0,0,0.4444444444444444,5
88,Katy Perry,I Kissed A Girl,0.1795519822387955,0.0,2008,0.8202247191011236,0.6737588652482269,0.7468488507573351,0.45454545454545453,0.8568534440162072,1.0,0.08049927641099855,0.0022652084959048375,0.0,0.1328923631990379,0.7037116269119692,0.46394001272939434,pop,0,0,0,0,0,0,0,0,0,1,0,0,0,0,0,0,0,0,0,0,0,0,0,0,0,0.8888888888888888,5
89,Eric Prydz,Pjanoo - Radio Edit,0.11971569139907207,0.0,2008,0.7303370786516854,0.5626477541371159,0.8675987713165978,0.6363636363636364,0.7690977369305267,0.0,0.011396526772793054,0.0005571830921264025,0.8243654822335026,0.10883944678292243,0.8534602631297464,0.4373806619285033,"pop, Dance/Electronic",0,0,0,0,0,0,0,1,0,1,0,0,0,0,0,0,0,0,0,0,0,0,0,0,0,0.0,5
90,T.I.,Live Your Life,0.6085287191563428,1.0,2008,0.8426966292134831,0.29078014184397166,0.8548882533629912,1.0,0.8474651645419508,0.0,0.4193198263386397,0.07272766021626655,0.0,0.22790138304269392,0.4705316076585731,0.661809165163891,"hip hop, pop",1,0,0,0,0,0,0,0,0,0,0,0,0,0,0,0,0,0,0,0,0,0,0,0,1,1.0,7
91,T.I.,Live Your Life,0.6085287191563428,1.0,2008,0.8426966292134831,0.29078014184397166,0.8548882533629912,1.0,0.8474651645419508,0.0,0.4193198263386397,0.07272766021626655,0.0,0.22790138304269392,0.4705316076585731,0.661809165163891,"hip hop, pop",1,0,0,0,0,0,0,0,0,0,0,0,0,0,0,0,0,0,0,0,0,0,0,0,1,1.0,7
92,Alesha Dixon,The Boy Does Nothing,0.2631848383116078,0.0,2008,0.5730337078651685,0.5945626477541371,0.9714013346043852,0.2727272727272727,0.8939124419409034,0.0,0.17691751085383503,0.12395817622641757,7.857868020304568e-05,0.012266987372218882,0.8630869611723179,0.17888113928078925,pop,0,0,0,0,0,0,0,0,0,1,0,0,0,0,0,0,0,0,0,0,0,0,0,0,0,0.7777777777777778,5
93,Jack White,Another Way to Die,0.4021059098036891,0.0,2007,0.6292134831460674,0.4219858156028369,0.7521448999046711,0.36363636363636365,0.804624962941002,0.0,0.18958031837916064,0.02446851413470429,3.065989847715736e-05,0.10643415514131088,0.3721253610011766,0.543081043810332,"rock, blues",0,0,0,1,0,0,0,0,0,0,0,0,0,1,0,0,0,0,0,0,0,0,0,0,0,0.6666666666666666,0
94,Wiley,Wearing My Rolex - Radio Edit,0.15487166775339084,0.0,2008,0.6629213483146067,0.8829787234042553,0.7002436182607774,0.09090909090909091,0.6734855222848107,1.0,0.2022431259044863,0.04793209046735346,0.0004893401015228427,0.05435959110042092,0.766819980746604,0.47684178423676676,"hip hop, Dance/Electronic",0,0,0,0,0,0,0,1,0,0,0,0,0,0,0,0,0,0,0,0,0,0,0,0,1,0.8888888888888888,1
95,Jordin Sparks,One Step At a Time,0.2483119850409273,0.0,2007,0.6292134831460674,0.7529550827423168,0.6748225823535642,0.09090909090909091,0.7827848601640478,1.0,0.010311143270622289,0.0845106788986013,0.0,0.020324714371617557,0.6983634613327628,0.27851516919486585,"pop, R&B",0,0,0,0,0,0,0,0,0,1,1,0,0,0,0,0,0,0,0,0,0,0,0,0,0,0.4444444444444444,5
96,Fergie,Clumsy,0.34333119580973526,0.0,2006,0.651685393258427,0.7115839243498818,0.5381845143522932,0.18181818181818182,0.8137167704318609,1.0,0.1950072358900145,0.19568089864062901,0.00042639593908629444,0.33012627781118453,0.4427211466467002,0.8220404158268801,"pop, R&B",0,0,0,0,0,0,0,0,0,1,1,0,0,0,0,0,0,0,0,0,0,0,0,0,0,0.3333333333333333,5
97,T-Pain,Can't Believe It (feat. Lil' Wayne),0.4333227355272588,0.0,2008,0.0,0.6134751773049646,0.48840165236733396,0.9090909090909091,0.5754027077774484,0.0,0.04667149059334299,0.0018143799550155084,0.0,0.06698737221888154,0.04011124184404749,0.19763047629150315,"hip hop, pop, R&B",1,0,0,0,0,0,0,0,0,0,1,0,0,0,0,0,0,0,0,0,0,0,0,0,1,0.6666666666666666,1
98,Pitbull,Hotel Room Service,0.33815802945471596,0.0,2009,0.7078651685393258,0.851063829787234,0.576316068213113,0.5454545454545454,0.6102381658266627,1.0,0.3686685962373372,0.0030644045456631936,0.00025279187817258883,0.06590499098015636,0.7732377794416515,0.4374668505356954,"hip hop, pop, latin",1,0,0,0,0,0,0,0,0,0,0,0,0,0,0,0,1,0,0,0,0,0,0,0,1,0.3333333333333333,8
99,Shakira,She Wolf,0.20441012431765396,0.0,2009,0.7640449438202247,0.8699763593380615,0.6727041626946297,0.6363636363636364,0.6456171558454392,1.0,0.038169319826338644,0.2919942687397129,0.016446700507614213,0.24473842453397476,0.8866188897208258,0.4108146812347513,"pop, latin",0,0,0,0,0,0,0,0,0,1,0,0,0,0,0,0,1,0,0,0,0,0,0,0,0,0.8888888888888888,8
100,Rihanna,Russian Roulette,0.30859284486428523,1.0,2009,0.7191011235955056,0.4148936170212766,0.4566253574833174,0.5454545454545454,0.7293210791580196,0.0,0.038892908827785816,0.04711240221119104,0.0,0.10282621767889355,0.2426997539843834,0.13281001379017718,"hip hop, pop, R&B",1,0,0,0,0,0,0,0,0,0,1,0,0,0,0,0,0,0,0,0,0,0,0,0,1,0.3333333333333333,7
101,Eminem,Crack A Bottle,0.4971628415771691,1.0,2009,0.7865168539325843,0.45744680851063835,0.8675987713165978,0.8181818181818182,0.8865994663504297,1.0,0.2945007235890015,0.08850665914739307,0.0,0.18220084185207455,0.3774735265803829,0.7262517237721439,hip hop,0,0,0,0,0,0,0,0,0,0,0,0,0,0,0,0,0,0,0,0,0,0,0,0,1,0.2222222222222222,7
102,Selena Gomez & The Scene,Naturally,0.2413767088962295,0.0,2009,0.7078651685393258,0.5626477541371159,0.8972566465416799,0.9090909090909091,0.7465164541950786,0.0,0.05047033285094067,0.01893561840560798,1.0253807106598987e-06,0.038364401683704155,0.895175954647556,0.4812838124535907,"pop, Dance/Electronic",0,0,0,0,0,0,0,1,0,1,0,0,0,0,0,0,0,0,0,0,0,0,0,0,0,0.4444444444444444,5
103,Sean Kingston,Fire Burning,0.34214567852004335,0.0,2009,0.797752808988764,0.8392434988179669,0.7934540832538927,0.09090909090909091,0.8894653621899397,1.0,0.01754703328509407,0.01965284562975009,0.0,0.37221888153938665,0.9090811851534923,0.4173782751670733,"hip hop, pop, R&B",1,0,0,0,0,0,0,0,0,0,1,0,0,0,0,0,0,0,0,0,0,0,0,0,1,0.3333333333333333,1
104,Beyoncé,Single Ladies (Put a Ring on It),0.2161224962683149,0.0,2008,0.7528089887640449,0.35106382978723405,0.5604279207711047,0.09090909090909091,0.7521000098823994,1.0,0.4934876989869754,0.039222902745627786,0.0,0.20024052916416116,0.25018718579527227,0.8845470457197413,"pop, R&B",0,0,0,0,0,0,0,0,0,1,1,0,0,0,0,0,0,0,0,0,0,0,0,0,0,0.4444444444444444,5
105,Jason Aldean,Big Green Tractor,0.24572540186341763,0.0,2009,0.5617977528089888,0.5756501182033097,0.5731384387247114,0.36363636363636365,0.7648483051684949,1.0,0.010311143270622289,0.6700754768946274,0.0,0.23631990378833434,0.5796341854743823,0.5108862840776492,country,0,0,1,0,0,0,0,0,0,0,0,0,0,0,0,0,0,0,0,0,0,0,0,0,0,0.4444444444444444,2
106,Kelly Clarkson,Already Gone,0.45416089625107103,0.0,2009,0.6292134831460674,0.0945626477541371,0.8654803516576633,0.8181818181818182,0.8655993675264355,1.0,0.09497105643994212,0.22232076696590752,0.0,0.06650631389055922,0.27371911434378005,0.12013365864007637,"pop, R&B",0,0,0,0,0,0,0,0,0,1,1,0,0,0,0,0,0,0,0,0,0,0,0,0,0,0.2222222222222222,2
107,Stromae,Alors on danse - Radio Edit,0.25075307291470206,0.0,2010,0.8651685393258427,0.7825059101654847,0.566783179747908,0.09090909090909091,0.5587508647099516,0.0,0.10148335745296672,0.10182659331003234,0.0020609137055837565,0.052315093205051115,0.722965022997112,0.3973427389413387,pop,0,0,0,0,0,0,0,0,0,1,0,0,0,0,0,0,0,0,0,0,0,0,0,0,0,0.4444444444444444,5
108,Lady Gaga,Alejandro,0.4343654518706924,0.0,2009,0.7528089887640449,0.5839243498817968,0.7818027751297533,1.0,0.6860361695819746,0.0,0.04160636758321274,0.0003870977789727011,0.0015228426395939086,0.4251352976548406,0.34431489998930365,0.25842659382624383,pop,0,0,0,0,0,0,0,0,0,1,0,0,0,0,0,0,0,0,0,0,0,0,0,0,0,0.6666666666666666,5
109,Ne-Yo,Beautiful Monster,0.3733651986010896,0.0,2010,0.6404494382022472,0.6843971631205673,0.7585001588814745,0.45454545454545453,0.6682478505781203,0.0,0.1950072358900145,0.21412388440428337,5.401015228426396e-06,0.30727600721587495,0.4876457375120334,0.4507929351861674,"pop, R&B",0,0,0,0,0,0,0,0,0,1,1,0,0,0,0,0,0,0,0,0,0,0,0,0,0,0.1111111111111111,5
110,Mike Posner,Cooler Than Me - Single Mix,0.27022519439789194,0.0,2010,0.8426966292134831,0.7553191489361702,0.810401440525368,0.6363636363636364,0.7848601640478309,0.0,0.04377713458755427,0.18338557479819276,0.0,0.8027660853878532,0.6277676756872392,0.46373448605070544,"hip hop, pop, Dance/Electronic",1,0,0,0,0,0,0,1,0,0,0,0,0,0,0,0,0,0,0,0,0,0,0,0,1,0.7777777777777778,1
111,Maroon 5,Misery,0.2780576915822884,0.0,2010,0.7528089887640449,0.6784869976359338,0.799809342230696,0.36363636363636365,0.7728036367229963,0.0,0.03473227206946455,0.00030307973271605346,0.0,0.2339146121467228,0.7358006203872072,0.2848135674127506,pop,0,0,0,0,0,0,0,0,0,1,0,0,0,0,0,0,0,0,0,0,0,0,0,0,0,0.7777777777777778,5
112,Ludacris,How Low,0.23868235141965696,1.0,2010,0.7078651685393258,0.7754137115839244,0.469335875436924,0.09090909090909091,0.6688902065421484,1.0,0.054450072358900155,0.0025213610759555927,1.2487309644670051e-06,0.24353577871316898,0.4063536207080971,0.5565198366394399,"hip hop, pop",1,0,0,0,0,0,0,0,0,0,0,0,0,0,0,0,0,0,0,0,0,0,0,0,1,0.4444444444444444,7
113,The Saturdays,Higher,0.2549212439309598,0.0,2010,0.6853932584269663,0.6028368794326241,0.8548882533629912,0.9090909090909091,0.8509734163454887,1.0,0.0197178002894356,0.050186233171800106,6.913705583756345e-06,0.2916416115453999,0.5967483153278426,0.37785085393020046,"pop, Dance/Electronic",0,0,0,0,0,0,0,1,0,1,0,0,0,0,0,0,0,0,0,0,0,0,0,0,0,0.4444444444444444,5
114,Two Door Cinema Club,What You Know,0.20663835795077948,0.0,2010,0.0,0.4976359338061466,0.7394343819510645,0.5454545454545454,0.8158414863128768,0.0,0.03165701881331404,0.0006616933447871105,7.85786802030457e-06,0.08490679494888755,0.8588084287089528,0.523953802906545,"World/Traditional, rock, pop",1,0,0,0,1,0,0,0,0,0,0,1,0,0,0,0,0,0,0,0,0,0,0,0,0,0.8888888888888888,5
115,Scouting For Girls,This Ain't a Love Song,0.2631848383116078,0.0,2017,0.5842696629213483,0.3888888888888889,0.9004342760300816,0.0,0.8082320387390058,1.0,0.039616497829233,0.00042193452985960384,0.0,0.4287432351172579,0.5507540913466682,0.7733637424419222,"pop, rock",0,0,0,0,1,0,0,0,0,1,0,0,0,0,0,0,0,0,0,0,0,0,0,0,0,0.7777777777777778,5
116,Taylor Swift,Back To December,0.485054399077452,0.0,2010,0.7303370786516854,0.4728132387706856,0.6515199661052855,0.18181818181818182,0.7832295681391441,1.0,0.012843704775687415,0.1198597349456055,0.0,0.375826819001804,0.26516204941704996,0.5428158480958948,pop,0,0,0,0,0,0,0,0,0,1,0,0,0,0,0,0,0,0,0,0,0,0,0,0,0,0.2222222222222222,5
117,Pitbull,Hey Baby (Drop It to the Floor) (feat. T-Pain),0.32723779860216734,0.0,2011,0.797752808988764,0.5508274231678487,0.9078487448363521,0.9090909090909091,0.8442533847218104,0.0,0.11794500723589003,0.04444841537866319,0.0,0.285628382441371,0.7743074125574928,0.4508658640076376,"hip hop, pop, latin",1,0,0,0,0,0,0,0,0,0,0,0,0,0,0,0,1,0,0,0,0,0,0,0,1,0.3333333333333333,8
118,Jennifer Lopez,On The Floor,0.4630684420686199,0.0,2011,0.8876404494382022,0.710401891252955,0.7648554178582777,0.2727272727272727,0.7569917976084594,0.0,0.047756874095513754,0.10756441110316925,0.0004852791878172589,0.05724594107035477,0.5742860198951759,0.463966532300838,"hip hop, pop, R&B",1,0,0,0,0,0,0,0,0,0,1,0,0,0,0,0,0,0,0,0,0,0,0,0,1,0.2222222222222222,1
119,Kesha,Blow,0.28822350234139665,0.0,2010,0.7752808988764045,0.7375886524822696,0.7140133460438512,1.0,0.8228085779227197,0.0,0.028943560057887122,0.0034025259513301904,5.7461928934010156e-05,0.06193625977149729,0.8277890683495561,0.3977537922987165,"pop, Dance/Electronic",0,0,0,0,0,0,0,1,0,1,0,0,0,0,0,0,0,0,0,0,0,0,0,0,0,0.7777777777777778,5
120,Katy Perry,E.T.,0.31408933411649326,0.0,2012,0.7303370786516854,0.5803782505910166,0.8623027221692617,0.09090909090909091,0.7541259017689496,1.0,0.27460202604920403,0.01852577427752677,0.0,0.417919422730006,0.7721681463258103,0.6077291290972737,pop,0,0,0,0,0,0,0,0,0,1,0,0,0,0,0,0,0,0,0,0,0,0,0,0,0,0.3333333333333333,5
121,M83,Midnight City,0.3528530551319427,0.0,2011,0.8539325842696629,0.4468085106382979,0.7140133460438512,1.0,0.746862338175709,0.0,0.029124457308248922,0.018628235309547075,1.4213197969543146e-06,0.05327720986169573,0.25018718579527227,0.298305399384746,"rock, pop, metal, Dance/Electronic",1,0,0,1,0,0,0,1,0,0,0,0,1,0,0,0,0,0,0,0,0,0,0,0,0,0.1111111111111111,4
122,The Wanted,Glad You Came,0.22884525227269054,0.0,2011,0.8651685393258427,0.7009456264775413,0.8432369452388518,0.6363636363636364,0.8222650459531573,0.0,0.07362518089725037,0.03266539669632845,0.0,0.10402886349969932,0.4427211466467002,0.44331441603903693,"pop, Dance/Electronic",0,0,0,0,0,0,0,1,0,1,0,0,0,0,0,0,0,0,0,0,0,0,0,0,0,0.4444444444444444,5
123,Kesha,We R Who We R,0.24723424205029826,0.0,2010,0.797752808988764,0.7174940898345153,0.8072238110369664,0.7272727272727273,0.7715189247949402,1.0,0.03165701881331404,0.010093231342255914,0.0016954314720812184,0.11485267588695129,0.6577174029307947,0.3973361090484778,"pop, Dance/Electronic",0,0,0,0,0,0,0,1,0,1,0,0,0,0,0,0,0,0,0,0,0,0,0,0,0,0.4444444444444444,5
124,Rihanna,We Found Love,0.2754333874001067,0.0,2011,0.8426966292134831,0.7163120567375887,0.7532041097341383,0.09090909090909091,0.7920249036466054,1.0,0.027315484804630977,0.025595585486927613,0.0014010152284263959,0.10402886349969932,0.6010268477912076,0.4506072981860614,"hip hop, pop, R&B",1,0,0,0,0,0,0,0,0,0,1,0,0,0,0,0,0,0,0,0,0,0,0,0,1,0.7777777777777778,1
125,Rihanna,We Found Love,0.2754333874001067,0.0,2011,0.8426966292134831,0.7163120567375887,0.7532041097341383,0.09090909090909091,0.7920249036466054,1.0,0.027315484804630977,0.025595585486927613,0.0014010152284263959,0.10402886349969932,0.6010268477912076,0.4506072981860614,"hip hop, pop, R&B",1,0,0,0,0,0,0,0,0,0,1,0,0,0,0,0,0,0,0,0,0,0,0,0,1,0.7777777777777778,1
126,Rihanna,We Found Love,0.2754333874001067,0.0,2011,0.8426966292134831,0.7163120567375887,0.7532041097341383,0.09090909090909091,0.7920249036466054,1.0,0.027315484804630977,0.025595585486927613,0.0014010152284263959,0.10402886349969932,0.6010268477912076,0.4506072981860614,"hip hop, pop, R&B",1,0,0,0,0,0,0,0,0,0,1,0,0,0,0,0,0,0,0,0,0,0,0,0,1,0.7777777777777778,1
127,Rihanna,We Found Love,0.2754333874001067,0.0,2011,0.8426966292134831,0.7163120567375887,0.7532041097341383,0.09090909090909091,0.7920249036466054,1.0,0.027315484804630977,0.025595585486927613,0.0014010152284263959,0.10402886349969932,0.6010268477912076,0.4506072981860614,"hip hop, pop, R&B",1,0,0,0,0,0,0,0,0,0,1,0,0,0,0,0,0,0,0,0,0,0,0,0,1,0.7777777777777778,1
128,Jason Aldean,Dirt Road Anthem,0.31365823692024164,0.0,2010,0.5955056179775281,0.6489361702127661,0.7246054443385235,0.18181818181818182,0.7632177092598083,1.0,0.02170767004341535,0.32785562994681866,2.3959390862944163e-06,0.11365003006614552,0.6630655685100011,0.4443221597538984,country,0,0,1,0,0,0,0,0,0,0,0,0,0,0,0,0,0,0,0,0,0,0,0,0,0,0.3333333333333333,2
129,Grouplove,Tongue Tied,0.2829425616873144,0.0,2011,0.8876404494382022,0.5094562647754138,0.9332697807435654,0.2727272727272727,0.7253187073821523,1.0,0.03744573082489147,0.008658776893971685,0.0,0.1677690920024053,0.3560808642635576,0.3509931579505675,"pop, rock, Folk/Acoustic",0,0,0,0,1,1,0,0,0,1,0,0,0,0,0,0,0,0,0,0,0,0,0,0,0,0.7777777777777778,2
130,Kendrick Lamar,Swimming Pools (Drank) - Extended Version,0.5409892602910984,1.0,2012,0.7078651685393258,0.693853427895981,0.4555661476538502,0.09090909090909091,0.6309417926672596,1.0,0.6888567293777136,0.1260073968668236,2.7309644670050763e-05,0.7005411906193626,0.23735158840517706,0.09356767794632444,hip hop,0,0,0,0,0,0,0,0,0,0,0,0,0,0,0,0,0,0,0,0,0,0,0,0,1,1.0,7
131,Asaf Avidan & the Mojos,One Day / Reckoning Song (Wankelmut Remix) [Radio Edit],0.2677113588722497,0.0,2012,0.0,0.817966903073286,0.6578752250820888,0.2727272727272727,0.6990809368514675,0.0,0.05698263386396527,0.1915824573598169,0.00010152284263959392,0.08562838244137103,0.5571718900417157,0.3911172695449242,pop,0,0,0,0,0,0,0,0,0,1,0,0,0,0,0,0,0,0,0,0,0,0,0,0,0,0.7777777777777778,5
132,Maroon 5,Payphone,0.3184003060790093,1.0,2012,0.9213483146067416,0.7257683215130024,0.7383751721215973,0.36363636363636365,0.775817768554205,1.0,0.0329232995658466,0.019243001501668886,0.0,0.3193024654239326,0.542197026419938,0.33146812347512467,pop,0,0,0,0,0,0,0,0,0,1,0,0,0,0,0,0,0,0,0,0,0,0,0,0,0,0.3333333333333333,5
133,James Arthur,Impossible,0.25984383504065783,0.0,2013,0.8426966292134831,0.2919621749408984,0.6780002118419659,0.0,0.7773495404684257,0.0,0.12680897250361794,0.13830272070925986,0.0,0.10643415514131088,0.2822761792705102,0.7260660867720377,pop,0,0,0,0,0,0,0,0,0,1,0,0,0,0,0,0,0,0,0,0,0,0,0,0,0,0.7777777777777778,5
134,David Guetta,Titanium (feat. Sia),0.355762961206641,0.0,2012,0.8876404494382022,0.5614657210401891,0.7754475161529499,0.0,0.8320980334025101,0.0,0.14435600578871202,0.0695513682236372,0.15228426395939085,0.12687913409500903,0.28120654615466895,0.43785801421449033,"hip hop, pop, Dance/Electronic",1,0,0,0,0,0,0,1,0,0,0,0,0,0,0,0,0,0,0,0,0,0,0,0,1,0.1111111111111111,1
135,Jessie J,Domino,0.3201974425158832,0.0,2011,0.8314606741573034,0.7434988179669031,0.53182925537549,0.6363636363636364,0.7879237078762724,1.0,0.019536903039073815,0.011968268228227441,0.0,0.024413710162357185,0.7946304417584769,0.44398403521799096,"hip hop, pop",1,0,0,0,0,0,0,0,0,0,0,0,0,0,0,0,0,0,0,0,0,0,0,0,1,0.3333333333333333,1
136,Gotye,Somebody That I Used To Know,0.35534264144029576,0.0,2011,0.6404494382022472,0.8676122931442081,0.5000529604914734,0.0,0.6728925783180155,1.0,0.022793053545586108,0.6219187918450855,0.00017055837563451776,0.10282621767889355,0.6801796983634614,0.45769465365439693,set(),0,0,0,0,0,0,0,0,1,0,0,0,0,0,0,0,0,0,0,0,0,0,0,0,0,0.1111111111111111,9
137,One Direction,What Makes You Beautiful,0.23437137945714084,0.0,2012,0.9213483146067416,0.7056737588652482,0.7754475161529499,0.36363636363636365,0.8904041901373654,1.0,0.09135311143270623,0.009201820363679284,0.0,0.04582080577269994,0.9090811851534923,0.4307507690675719,pop,0,0,0,0,0,0,0,0,0,1,0,0,0,0,0,0,0,0,0,0,0,0,0,0,0,0.4444444444444444,5
138,Ellie Goulding,Lights - Single Version,0.2636509621550549,0.0,2010,0.7078651685393258,0.6536643026004729,0.7839211947886877,0.7272727272727273,0.7087656883091215,0.0,0.024421128798842267,0.03041125399188181,0.039695431472081225,0.13168971737823212,0.7935608086426357,0.3977206428344118,"pop, rock, Dance/Electronic",0,0,0,0,1,0,0,1,0,1,0,0,0,0,0,0,0,0,0,0,0,0,0,0,0,0.7777777777777778,5
139,Demi Lovato,Give Your Heart a Break,0.24881313553156978,0.0,2011,0.797752808988764,0.6170212765957447,0.6780002118419659,0.5454545454545454,0.8546299041407254,1.0,0.0461287988422576,0.23564070112854682,0.0,0.14732411304870716,0.5678682212001283,0.4176103214172059,pop,0,0,0,0,0,0,0,0,0,1,0,0,0,0,0,0,0,0,0,0,0,0,0,0,0,0.4444444444444444,5
140,Macklemore & Ryan Lewis,Can't Hold Us (feat. Ray Dalton),0.3916033043600093,0.0,2012,0.9101123595505618,0.6052009456264775,0.9184408431310243,0.18181818181818182,0.7934084395691273,1.0,0.10021707670043417,0.029796487799759998,0.0,0.0778111846061335,0.8652262274040005,0.5705619497188925,"hip hop, pop",1,0,0,0,0,0,0,0,0,0,0,0,0,0,0,0,0,0,0,0,0,0,0,0,1,0.1111111111111111,1
141,Eminem,Berzerk,0.33880467524909336,1.0,2013,0.7415730337078652,0.7210401891252955,0.8654803516576633,1.0,0.8130744144678327,0.0,0.5604196816208394,0.022214371430257646,0.0,0.2868310282621768,0.6908760295218741,0.23247719316855844,hip hop,0,0,0,0,0,0,0,0,0,0,0,0,0,0,0,0,0,0,0,0,0,0,0,0,1,0.3333333333333333,7
142,Avicii,I Could Be The One (Avicii Vs. Nicky Romero) - Radio Edit,0.25681537723699027,0.0,2012,0.7640449438202247,0.44917257683215134,0.7786251456413517,0.5454545454545454,0.8267615377013539,0.0,0.02568740955137483,0.3401509537892549,6.771573604060913e-05,0.35417919422730004,0.6416729061931757,0.45034873236448497,"pop, Dance/Electronic",0,0,0,0,0,0,0,1,0,1,0,0,0,0,0,0,0,0,0,0,0,0,0,0,0,0.4444444444444444,5
143,Imagine Dragons,Demons,0.17380222338378967,0.0,2012,0.9101123595505618,0.4444444444444445,0.6938883592839742,0.2727272727272727,0.8646605395790098,1.0,0.016099855282199708,0.19465628832042597,0.0002538071065989848,0.29765484064942876,0.4170499518665098,0.19835976450620563,rock,0,0,0,1,0,0,0,0,0,0,0,0,0,0,0,0,0,0,0,0,0,0,0,0,0,0.8888888888888888,4
144,Arctic Monkeys,Do I Wanna Know?,0.4294644156208069,0.0,2013,0.9438202247191011,0.4952718676122932,0.5053490096388095,0.45454545454545453,0.6383041802549659,1.0,0.016461649782923308,0.1905578470396139,0.000267005076142132,0.23511725796752855,0.39244839020216066,0.16582025034475445,rock,0,0,0,1,0,0,0,0,0,0,0,0,0,0,0,0,0,0,0,0,0,0,0,0,0,0.6666666666666666,4
145,AWOLNATION,Sail,0.3936510160422044,0.0,2011,0.02247191011235955,0.8226950354609929,0.4026056561804893,0.09090909090909091,0.5401719537503705,1.0,0.06078147612156297,0.4631041922136173,0.6182741116751269,0.08875526157546602,0.2191678254358755,0.3912896467593084,"pop, rock",0,0,0,0,1,0,0,0,0,1,0,0,0,0,0,0,0,0,0,0,0,0,0,0,0,0.6666666666666666,2
146,Storm Queen,Look Right Through - MK Vocal Edit,0.1007689696238138,0.0,2014,0.0,0.8309692671394798,0.8051053913780319,0.0,0.6166123134697105,0.0,0.10455861070911723,0.003095142855269284,0.005614213197969543,0.2904389657245941,0.514386565408065,0.39763445422721977,Dance/Electronic,0,0,0,0,0,0,0,0,0,0,0,0,0,0,0,1,0,0,0,0,0,0,0,0,0,0.0,5
147,Wale,Bad (feat. Rihanna) - Remix,0.33902022384721914,1.0,2013,0.6853932584269663,0.8014184397163121,0.6854146806482364,0.5454545454545454,0.6878150014823599,0.0,0.09334298118668598,0.3145356957841794,0.0,0.10763680096211665,0.43737298106749384,0.3581401824546515,"hip hop, pop, R&B",1,0,0,0,0,0,0,0,0,0,1,0,0,0,0,0,0,0,0,0,0,0,0,0,1,0.3333333333333333,7
148,Drake,Started From the Bottom,0.16467912896811499,1.0,2013,0.7303370786516854,0.7860520094562649,0.49581612117360446,0.7272727272727273,0.6267911848996935,1.0,0.24927641099855286,0.03389492908057208,0.0,0.16175586289837643,0.558241523157557,0.17428662352816382,"hip hop, pop, R&B",1,0,0,0,0,0,0,0,0,0,1,0,0,0,0,0,0,0,0,0,0,0,0,0,1,0.8888888888888888,7
149,Katy Perry,Roar,0.2978504416051904,0.0,2013,0.8202247191011236,0.5023640661938535,0.7595593687109417,0.6363636363636364,0.7754224725763416,0.0,0.033646888567293774,0.004970179741240812,6.7005076142131985e-06,0.3998797354179194,0.445930045994224,0.7953550970616315,pop,0,0,0,0,0,0,0,0,0,1,0,0,0,0,0,0,0,0,0,0,0,0,0,0,0,0.7777777777777778,5
150,One Direction,Best Song Ever,0.23469470235432957,0.0,2013,0.8539325842696629,0.6182033096926715,0.8707764008049995,0.09090909090909091,0.8660934874987647,1.0,0.042149059334298127,0.023238981750460665,0.0,0.06903187011425135,0.47908867258530324,0.38766309536437893,pop,0,0,0,0,0,0,0,0,0,1,0,0,0,0,0,0,0,0,0,0,0,0,0,0,0,0.4444444444444444,5
151,Paramore,Still into You,0.27755384673416933,0.0,2013,0.8876404494382022,0.5591016548463357,0.9195000529604915,0.45454545454545453,0.8277003656487795,1.0,0.03762662807525326,0.0100215086198417,0.0,0.04161154539987973,0.7775163119050166,0.5038121883950355,"pop, rock",0,0,0,0,1,0,0,0,0,1,0,0,0,0,0,0,0,0,0,0,0,0,0,0,0,0.7777777777777778,5
152,MAGIC!,Rude,0.3013369401798753,0.0,2014,0.898876404494382,0.7612293144208038,0.7447304310984006,0.09090909090909091,0.7669236090522779,1.0,0.026953690303907388,0.04321888299441957,0.0,0.34095009019843653,0.9486576104396193,0.5570038188182878,set(),0,0,0,0,0,0,0,0,1,0,0,0,0,0,0,0,0,0,0,0,0,0,0,0,0,0.7777777777777778,9
153,Taylor Swift,Bad Blood,0.2665608682297533,0.0,2014,0.6067415730337079,0.6111111111111112,0.7828619849592204,0.6363636363636364,0.7120268801264947,1.0,0.30173661360347326,0.09065834081981941,6.253807106598986e-06,0.21587492483463622,0.2662316825328912,0.7305943035960539,pop,0,0,0,0,0,0,0,0,0,1,0,0,0,0,0,0,0,0,0,0,0,0,0,0,0,0.7777777777777778,5
154,Lorde,Team,0.21570487085944615,0.0,2013,0.8539325842696629,0.6631205673758864,0.5540726617943015,0.5454545454545454,0.6462100998122344,1.0,0.12608538350217077,0.17109025095575653,0.0,0.34095009019843653,0.4042143544764146,0.2648111806513207,"pop, Dance/Electronic",0,0,0,0,0,0,0,1,0,1,0,0,0,0,0,0,0,0,0,0,0,0,0,0,0,0.4444444444444444,5
155,OneRepublic,Love Runs Out,0.2996826046892598,0.0,2014,0.6629213483146067,0.6973995271867612,0.9322105709140981,0.6363636363636364,0.8282438976183418,1.0,0.06458031837916064,0.17109025095575653,0.0,0.09116055321707757,0.7486362177773024,0.3978134613344649,pop,0,0,0,0,0,0,0,0,0,1,0,0,0,0,0,0,0,0,0,0,0,0,0,0,0,0.7777777777777778,5
156,Olly Murs,Up (feat. Demi Lovato),0.2998631266401901,0.0,2014,0.0,0.6631205673758864,0.8368816862620485,0.8181818181818182,0.7825872121751161,1.0,0.019356005788712015,0.019755306661770396,0.0,0.09561034275405894,0.6416729061931757,0.36417338495809903,"pop, Dance/Electronic",0,0,0,0,0,0,0,1,0,1,0,0,0,0,0,0,0,0,0,0,0,0,0,0,0,0.7777777777777778,5
157,Duke Dumont,I Got U,0.46503532302651784,0.0,2014,0.7528089887640449,0.599290780141844,0.7479080605868023,0.8181818181818182,0.6305959086866292,0.0,0.021345875542691763,0.003843108389017489,0.007959390862944163,0.07648827420324714,0.4544871109209541,0.40321682401612396,"pop, Dance/Electronic",0,0,0,0,0,0,0,1,0,1,0,0,0,0,0,0,0,0,0,0,0,0,0,0,0,0.2222222222222222,5
158,5 Seconds of Summer,She Looks So Perfect,0.24113421672333799,0.0,2014,0.8314606741573034,0.4314420803782506,0.9491579281855735,0.8181818181818182,0.8042790789603717,1.0,0.19681620839363245,0.0005633307540476206,0.0,0.36740829825616356,0.43095518237244623,0.6630290654503024,pop,0,0,0,0,0,0,0,0,0,1,0,0,0,0,0,0,0,0,0,0,0,0,0,0,0,0.4444444444444444,5
159,Alesso,Heroes (we could be),0.26099163132567776,0.0,2014,0.5842696629213483,0.4633569739952719,0.7404935917805318,0.45454545454545453,0.8088743947030338,1.0,0.0727206946454414,0.03819829242542477,0.0,0.26157546602525555,0.3357578350625735,0.4366248541423571,"pop, Dance/Electronic",0,0,0,0,0,0,0,1,0,1,0,0,0,0,0,0,0,0,0,0,0,0,0,0,0,0.7777777777777778,5
160,G.R.L.,Ugly Heart,0.22984485889649894,0.0,2014,0.7191011235955056,0.615839243498818,0.7743883063234828,0.8181818181818182,0.7424646704219785,1.0,0.04178726483357454,0.01944792356570949,0.0,0.36259771497294047,0.4363033479516526,0.43055187228174396,pop,0,0,0,0,0,0,0,0,0,1,0,0,0,0,0,0,0,0,0,0,0,0,0,0,0,0.4444444444444444,5
161,Natalie La Rose,Somebody,0.20721225609328944,0.0,2014,0.7415730337078652,0.8286052009456264,0.49263849168520285,0.0,0.5830615673485522,1.0,0.026049204052098415,0.0007918188554528941,1.269035532994924e-05,0.05303668069753458,0.7454273184297786,0.2981529118489445,set(),0,0,0,0,0,0,0,0,1,0,0,0,0,0,0,0,0,0,0,0,0,0,0,0,0,0.8888888888888888,9
162,Ed Sheeran,"I See Fire - From ""The Hobbit - The Desolation Of Smaug""",0.50610810839939,0.0,2013,0.797752808988764,0.5342789598108747,0.0,0.9090909090909091,0.0,0.0,0.029848046309696095,0.5727374964753406,0.0,0.06049308478653037,0.20954112739330413,0.6100694812771826,pop,0,0,0,0,0,0,0,0,0,1,0,0,0,0,0,0,0,0,0,0,0,0,0,0,0,0.2222222222222222,2
163,Wiz Khalifa,See You Again (feat. Charlie Puth),0.3139600049576178,0.0,2015,0.9101123595505618,0.6619385342789598,0.45132930833598134,0.9090909090909091,0.6428994959976282,1.0,0.1054630969609262,0.37806153563676664,1.0456852791878173e-06,0.052194828622970535,0.26195315006952613,0.132637636575793,"hip hop, pop",1,0,0,0,0,0,0,0,0,0,0,0,0,0,0,0,0,0,0,0,0,0,0,0,1,0.3333333333333333,1
164,Calvin Harris,Outside (feat. Ellie Goulding),0.30787345141804034,0.0,2014,0.8764044943820225,0.6111111111111112,0.8135790700137697,0.18181818181818182,0.8099120466449253,0.0,0.02930535455861071,0.21822232568509545,0.0,0.36139506915213465,0.4063536207080971,0.4509387928291078,"hip hop, pop, Dance/Electronic",1,0,0,0,0,0,0,1,0,0,0,0,0,0,0,0,0,0,0,0,0,0,0,0,1,0.3333333333333333,1
165,Travis Scott,Antidote,0.40332645374057646,1.0,2015,0.8202247191011236,0.6903073286052009,0.49899375066200613,0.09090909090909091,0.7643047731989328,1.0,0.01591895803183792,0.007839088637809268,0.000150253807106599,0.12327119663259171,0.09936891646165368,0.470927919804816,"hip hop, Dance/Electronic",0,0,0,0,0,0,0,1,0,0,0,0,0,0,0,0,0,0,0,0,0,0,0,0,1,0.6666666666666666,7
166,Flo Rida,My House,0.21336616856978116,0.0,2015,0.8539325842696629,0.660756501182033,0.6854146806482364,0.6363636363636364,0.7768554204960965,0.0,0.04829956584659914,0.02200944936621704,0.0,0.1280817799158148,0.750775484008985,0.22533016866447442,"hip hop, pop",1,0,0,0,0,0,0,0,0,0,0,0,0,0,0,0,0,0,0,0,0,0,0,0,1,0.4444444444444444,1
167,Flo Rida,My House,0.21336616856978116,0.0,2015,0.8539325842696629,0.660756501182033,0.6854146806482364,0.6363636363636364,0.7768554204960965,0.0,0.04829956584659914,0.02200944936621704,0.0,0.1280817799158148,0.750775484008985,0.22533016866447442,"hip hop, pop",1,0,0,0,0,0,0,0,0,0,0,0,0,0,0,0,0,0,0,0,0,0,0,0,1,0.4444444444444444,1
168,Silentó,Watch Me (Whip / Nae Nae),0.19434669914265545,0.0,2015,0.0,0.8156028368794326,0.7553225293930728,0.7272727272727273,0.5925486708172744,1.0,0.20043415340086834,0.2397391424093589,0.0,0.375826819001804,0.9903733019574286,0.5301461228386549,hip hop,0,0,0,0,0,0,0,0,0,0,0,0,0,0,0,0,0,0,0,0,0,0,0,0,1,0.8888888888888888,1
169,Drake,Jumpman,0.25024922806658295,1.0,2015,0.0,0.8557919621749409,0.5328884652049571,0.09090909090909091,0.6456171558454392,1.0,0.3234442836468886,0.047317324275231644,0.0,0.3842453397474444,0.658787036046636,0.544049008168028,"hip hop, pop, R&B",1,0,0,0,0,0,0,0,0,0,1,0,0,0,0,0,0,0,0,0,0,0,0,0,1,0.4444444444444444,7
170,Ariana Grande,One Last Time,0.22704272712086349,0.0,2014,0.8876404494382022,0.5898345153664303,0.5699608092363097,0.7272727272727273,0.764798893171262,1.0,0.016461649782923308,0.095269087260733,1.6751269035532996e-06,0.08959711365003008,0.07048882233393945,0.4309894452105654,pop,0,0,0,0,0,0,0,0,0,1,0,0,0,0,0,0,0,0,0,0,0,0,0,0,0,0.4444444444444444,5
171,The Weeknd,Starboy,0.31646036869587707,1.0,2016,0.0,0.6524822695035462,0.5710200190657769,0.6363636363636364,0.6663701946832692,1.0,0.46816208393632414,0.16904103031535048,3.5431472081218276e-06,0.13529765484064946,0.5315006952615253,0.8355985467274849,"pop, R&B",0,0,0,0,0,0,0,0,0,1,1,0,0,0,0,0,0,0,0,0,0,0,0,0,0,0.3333333333333333,7
172,Adele,Hello,0.49172562818944565,0.0,2015,0.011235955056179775,0.40425531914893614,0.39836881686262043,0.45454545454545453,0.7107915801956716,0.0,0.0198986975397974,0.3370771228286458,0.0,0.07684906794948888,0.26837094876457374,0.6494709345496976,"pop, R&B",0,0,0,0,0,0,0,0,0,1,1,0,0,0,0,0,0,0,0,0,0,0,0,0,0,0.2222222222222222,2
173,Coldplay,Hymn for the Weekend,0.39139853319178974,0.0,2015,0.9213483146067416,0.42789598108747046,0.6758817921830315,0.0,0.6931020851862832,0.0,0.0262301013024602,0.2161731050446894,7.025380710659898e-06,0.365003006614552,0.3999358220130495,0.1989498249708285,"rock, pop",1,0,0,1,0,0,0,0,0,0,0,0,0,0,0,0,0,0,0,0,0,0,0,0,0,0.1111111111111111,4
174,David Guetta,This One's for You (feat. Zara Larsson) (Official Song UEFA EURO 2016),0.25400246803144855,0.0,2016,0.7640449438202247,0.28132387706855794,0.9110263743247538,0.8181818181818182,0.8428698487992885,0.0,0.0463096960926194,0.002234470186298747,5.898477157360406e-05,0.08298256163559832,0.34966306556851,0.3324891269757081,"hip hop, pop, Dance/Electronic",1,0,0,0,0,0,0,1,0,0,0,0,0,0,0,0,0,0,0,0,0,0,0,0,1,0.4444444444444444,1
175,Lil Wayne,"Sucker for Pain (with Wiz Khalifa, Imagine Dragons, Logic & Ty Dolla $ign feat. X Ambassadors)",0.3515867071179536,1.0,2016,0.8426966292134831,0.44089834515366433,0.7743883063234828,0.8181818181818182,0.7973119873505287,0.0,0.5314761215629523,0.2612559591336223,0.0,0.7558628983764282,0.7497058508931437,0.7226715816272408,"hip hop, pop",1,0,0,0,0,0,0,0,0,0,0,0,0,0,0,0,0,0,0,0,0,0,0,0,1,0.1111111111111111,7
176,Future,Low Life (feat. The Weeknd),0.5403426144967209,1.0,2016,0.8314606741573034,0.7009456264775413,0.29244783391589874,0.7272727272727273,0.6287676647890108,1.0,0.08936324167872649,0.34527400539027,0.2862944162436548,0.1497294046903187,0.06834955610225692,0.5565264665323009,"hip hop, pop",1,0,0,0,0,0,0,0,0,0,0,0,0,0,0,0,0,0,0,0,0,0,0,0,1,1.0,7
177,Galantis,No Money,0.20511065726156283,0.0,2016,0.7528089887640449,0.640661938534279,0.912085584154221,0.5454545454545454,0.8152979543433145,0.0,0.029848046309696095,0.028874338511577276,0.007736040609137056,0.2627781118460613,0.8181623703069848,0.437513259785722,"pop, Dance/Electronic",0,0,0,0,0,0,0,1,0,1,0,0,0,0,0,0,0,0,0,0,0,0,0,0,0,0.8888888888888888,5
178,Kevin Gates,2 Phones,0.3421833995247153,1.0,2016,0.7752808988764045,0.905437352245863,0.6631712742294249,0.6363636363636364,0.7533847218104556,0.0,0.605643994211288,0.1608441477537263,0.0,0.20144317498496694,0.5518237244625094,0.41038373819879076,"hip hop, pop",1,0,0,0,0,0,0,0,0,0,0,0,0,0,0,0,0,0,0,0,0,0,0,0,1,0.3333333333333333,7
179,Fitz and The Tantrums,HandClap,0.21623027056737779,0.0,2016,0.7191011235955056,0.599290780141844,0.8273487977968436,0.7272727272727273,0.8652040715485719,1.0,0.03527496382054994,0.006220204331888497,0.00015939086294416242,0.07372218881539387,0.7240346561129533,0.5299737456242706,"pop, rock",0,0,0,0,1,0,0,0,0,1,0,0,0,0,0,0,0,0,0,0,0,0,0,0,0,0.4444444444444444,5
180,Drake,Pop Style,0.2692902523535213,1.0,2016,0.7078651685393258,0.6903073286052009,0.4312043215761042,0.6363636363636364,0.5181836149817176,1.0,0.18053545586107092,0.19670550896083203,2.1928934010152287e-06,0.100420926037282,0.022783185367418975,0.48420759520526147,"hip hop, pop, R&B",1,0,0,0,0,0,0,0,0,0,1,0,0,0,0,0,0,0,0,0,0,0,0,0,1,0.7777777777777778,7
181,Tory Lanez,LUV,0.31157549859085104,1.0,2016,0.0,0.660756501182033,0.5148818981040144,1.0,0.6120169977270481,0.0,0.16425470332850942,0.012070729260247742,0.0,0.12206855081178593,0.22344635789924058,0.23264294049008166,"hip hop, pop, R&B",1,0,0,0,0,0,0,0,0,0,1,0,0,0,0,0,0,0,0,0,0,0,0,0,1,0.3333333333333333,7
182,Frank Ocean,Pink + White,0.19268966929456333,0.0,2016,0.8876404494382022,0.49054373522458633,0.5265332062281538,0.8181818181818182,0.6455183318509734,1.0,0.13730101302460201,0.6864692420178758,4.6395939086294416e-05,0.4732411304870715,0.5518237244625094,0.661126286199215,"hip hop, pop, R&B",1,0,0,0,0,0,0,0,0,0,1,0,0,0,0,0,0,0,0,0,0,0,0,0,1,0.8888888888888888,1
183,Sam Smith,Too Good At Goodbyes,0.23710345793838544,0.0,2017,0.8876404494382022,0.6524822695035462,0.33587543692405464,0.45454545454545453,0.6066310900286589,1.0,0.03617945007235891,0.6557309324117852,0.0,0.1773902585688515,0.46839234142689057,0.21118860719210783,pop,0,0,0,0,0,0,0,0,0,1,0,0,0,0,0,0,0,0,0,0,0,0,0,0,0,0.4444444444444444,2
184,Future,Mask Off,0.24680314485404667,1.0,2017,0.8876404494382022,0.8321513002364066,0.4015464463510221,0.18181818181818182,0.579059195572685,1.0,0.737698986975398,0.01043135274792291,0.022233502538071066,0.1725796752856284,0.25981388383784365,0.5969754428768432,"hip hop, pop",1,0,0,0,0,0,0,0,0,0,0,0,0,0,0,0,0,0,0,0,0,0,0,0,1,0.4444444444444444,7
185,Maroon 5,Cold (feat. Future),0.3268471167680643,1.0,2017,0.0,0.6713947990543735,0.7002436182607774,0.8181818181818182,0.7029350726356359,0.0,0.16244573082489147,0.1208843452658085,0.0,0.02513529765484065,0.5004813349021285,0.26443990665110856,pop,0,0,0,0,0,0,0,0,0,1,0,0,0,0,0,0,0,0,0,0,0,0,0,0,0,0.3333333333333333,5
186,Lil Peep,Save That Shit,0.3194053014177709,1.0,2017,0.8651685393258427,0.4787234042553192,0.5593687109416375,0.18181818181818182,0.5851368712323352,1.0,0.010130246020260494,0.02682511787117124,0.0,0.48045700541190617,0.11434378008343138,0.3048292139599024,hip hop,0,0,0,0,0,0,0,0,0,0,0,0,0,0,0,0,0,0,0,0,0,0,0,0,1,0.3333333333333333,7
187,Jax Jones,You Don't Know Me - Radio Edit,0.2719846098300938,1.0,2016,0.011235955056179775,0.8829787234042553,0.6504607562758183,1.0,0.7144974799881411,0.0,0.20767004341534012,0.16699180967494442,0.0,0.19663259170174385,0.6887367632901915,0.4242335843852764,"hip hop, pop, Dance/Electronic",1,0,0,0,0,0,0,1,0,0,0,0,0,0,0,0,0,0,0,0,0,0,0,0,1,0.7777777777777778,7
188,Charlie Puth,Attention,0.265326852505483,0.0,2017,0.0,0.7624113475177305,0.6049147336087279,0.2727272727272727,0.7946437394999506,0.0,0.03617945007235891,0.09926506750952478,3.1675126903553296e-05,0.0761274804570054,0.7903519092951118,0.2653415720801952,pop,0,0,0,0,0,0,0,0,0,1,0,0,0,0,0,0,0,0,0,0,0,0,0,0,0,0.7777777777777778,5
189,Rag'n'Bone Man,Human,0.23491025095245538,0.0,2017,0.8539325842696629,0.5591016548463357,0.6907107297955725,0.8181818181818182,0.8111967585729815,1.0,0.5043415340086831,0.40265218332163916,0.0,0.1725796752856284,0.5518237244625094,0.09989922562851387,R&B,0,1,0,0,0,0,0,0,0,0,0,0,0,0,0,0,0,0,0,0,0,0,0,0,0,0.4444444444444444,2
190,Kendrick Lamar,DNA.,0.1965426004860621,1.0,2017,0.0,0.599290780141844,0.4894608621968012,0.0,0.6796620219389268,1.0,0.6092619392185239,0.0040992609690682445,0.0,0.07925435959110044,0.38068242592790674,0.5297881086241646,hip hop,0,0,0,0,0,0,0,0,0,0,0,0,0,0,0,0,0,0,0,0,0,0,0,0,1,0.8888888888888888,7
191,Yo Gotti,Rake It Up (feat. Nicki Minaj),0.4400774897210262,1.0,2017,0.7528089887640449,0.9231678486997636,0.41213854464569427,0.09090909090909091,0.612115821721514,0.0,0.5803183791606368,0.02252175452631855,0.0,0.13890559230306676,0.526152529682319,0.5962527845550016,"hip hop, pop",1,0,0,0,0,0,0,0,0,0,0,0,0,0,0,0,0,0,0,0,0,0,0,0,1,0.6666666666666666,7
192,Jonas Blue,Mama,0.18487064389754976,0.0,2017,0.5730337078651685,0.7210401891252955,0.780743565300286,1.0,0.8033402510129459,0.0,0.033646888567293774,0.09321986662032695,0.0,0.03619963920625376,0.5443362926516205,0.29169539620239743,"pop, Dance/Electronic",0,0,0,0,0,0,0,1,0,1,0,0,0,0,0,0,0,0,0,0,0,0,0,0,0,0.8888888888888888,5
193,Alessia Cara,Scars To Your Beautiful,0.31584874954869513,0.0,2016,0.8539325842696629,0.22458628841607567,0.7246054443385235,0.0,0.7300128471192805,1.0,0.4500723589001448,0.029181721607638184,0.0,0.10763680096211665,0.4395122472991764,0.889400127293943,"pop, R&B",0,0,0,0,0,0,0,0,0,1,1,0,0,0,0,0,0,0,0,0,0,0,0,0,0,0.3333333333333333,5
194,Starley,Call on Me - Ryan Riback Remix,0.2937927392454721,0.0,2016,0.5393258426966292,0.6394799054373523,0.829467217455778,0.0,0.8144579503903548,1.0,0.023516642547033294,0.061969251854134835,0.0006203045685279188,0.16536380036079376,0.7251042892287946,0.29821921077755387,"pop, Dance/Electronic",0,0,0,0,0,0,0,1,0,1,0,0,0,0,0,0,0,0,0,0,0,0,0,0,0,0.7777777777777778,5
195,Migos,Walk It Talk It,0.43957633923038375,1.0,2018,0.8426966292134831,0.9196217494089836,0.6123292024149984,0.18181818181818182,0.7594129854728728,1.0,0.2908827785817656,0.08973619153163669,2.6395939086294416e-06,0.10162357185808778,0.381752059043748,0.5694746472896997,"hip hop, pop",1,0,0,0,0,0,0,0,0,0,0,0,0,0,0,0,0,0,0,0,0,0,0,0,1,0.6666666666666666,7
196,Jonas Blue,Rise,0.21933955909534253,0.0,2018,0.7865168539325843,0.6595744680851064,0.7733290964940155,0.09090909090909091,0.7838719241031722,1.0,0.018270622286541256,0.3350279021882398,0.0,0.21828021647624776,0.6598566691624773,0.3051540787100881,"pop, Dance/Electronic",0,0,0,0,0,0,0,1,0,1,0,0,0,0,0,0,0,0,0,0,0,0,0,0,0,0.4444444444444444,5
197,Migos,Stir Fry,0.20824150064934016,1.0,2018,0.8089887640449438,0.8132387706855791,0.8061646012074991,0.18181818181818182,0.7467141021840102,1.0,0.44464544138929096,0.002675052623986046,0.0,0.16536380036079376,0.5026206011338111,0.8086016229977724,"hip hop, pop",1,0,0,0,0,0,0,0,0,0,0,0,0,0,0,0,0,0,0,0,0,0,0,0,1,0.8888888888888888,7
198,Camila Cabello,Never Be the Same,0.3070840046774046,0.0,2018,0.8314606741573034,0.6004728132387707,0.6970659887723758,0.0,0.7995355272260104,1.0,0.09316208393632418,0.18543479543859878,0.0006467005076142132,0.13890559230306676,0.2191678254358755,0.4634560305505463,pop,0,0,0,0,0,0,0,0,0,1,0,0,0,0,0,0,0,0,0,0,0,0,0,0,0,0.3333333333333333,5
199,Dua Lipa,IDGAF,0.2827620397363841,1.0,2017,0.8764044943820225,0.8356973995271867,0.518059527592416,0.6363636363636364,0.7184010277695424,1.0,0.1286179450072359,0.04127212338603383,0.0,0.07324113048707157,0.5047598673654936,0.24536570489020904,pop,0,0,0,0,0,0,0,0,0,1,0,0,0,0,0,0,0,0,0,0,0,0,0,0,0,0.7777777777777778,5
200,Lauv,I Like Me Better,0.2275007678918808,0.0,2018,0.9101123595505618,0.7364066193853428,0.47675034424319457,0.8181818181818182,0.6370688803241427,1.0,0.4157018813314038,0.548146848790468,2.588832487309645e-06,0.09921828021647623,0.40742325382393835,0.21183170679961813,"pop, Dance/Electronic",0,0,0,0,0,0,0,1,0,1,0,0,0,0,0,0,0,0,0,0,0,0,0,0,0,0.4444444444444444,2
201,Khalid,Love Lies (with Normani),0.23900836867432224,0.0,2018,0.8202247191011236,0.6843971631205673,0.6282173498570067,0.5454545454545454,0.7356458148038343,1.0,0.039254703328509416,0.09793307409326087,0.0,0.13529765484064946,0.3207829714407958,0.5564866871751353,"pop, R&B",0,0,0,0,0,0,0,0,0,1,1,0,0,0,0,0,0,0,0,0,0,0,0,0,0,0.4444444444444444,5
202,Lil Nas X,Old Town Road - Remix,0.1187295565626465,0.0,2019,0.8876404494382022,0.8853427895981087,0.5975002648024574,0.5454545454545454,0.7389070066212077,1.0,0.14254703328509408,0.05459205754867309,0.0,0.1100420926037282,0.642742539309017,0.5040177150737244,"hip hop, pop",1,0,0,0,0,0,0,0,0,0,0,0,0,0,0,0,0,0,0,0,0,0,0,0,1,0.0,1
203,Gesaffelstein,Lost in the Fire (feat. The Weeknd),0.24004839066027925,1.0,2019,0.9438202247191011,0.6252955082742317,0.6525791759347528,0.18181818181818182,0.41031722502223533,1.0,0.02369753979739508,0.0955764703567939,0.0009411167512690356,0.11244738424533975,0.136806075516098,0.27147422297655666,Dance/Electronic,0,0,0,0,0,0,0,0,0,0,0,0,0,0,0,1,0,0,0,0,0,0,0,0,0,0.4444444444444444,2
204,Halsey,Without Me,0.23888173387292333,1.0,2018,0.8651685393258427,0.7364066193853428,0.45874377714225184,0.5454545454545454,0.6652831307441446,1.0,0.0855643994211288,0.30428959258214916,9.248730964467005e-06,0.08671076368009621,0.5293614290298428,0.5040177150737244,"pop, Dance/Electronic",0,0,0,0,0,0,0,1,0,1,0,0,0,0,0,0,0,0,0,0,0,0,0,0,0,0.4444444444444444,5
205,Calvin Harris,Giant (with Rag'n'Bone Man),0.3130412290581065,0.0,2019,0.8202247191011236,0.8014184397163121,0.8813684990996716,0.09090909090909091,0.8006225911651349,0.0,0.023335745296671494,0.016374092605100428,0.0005106598984771574,0.07167769092002406,0.6074446464862552,0.41102683780630106,"hip hop, pop, Dance/Electronic",1,0,0,0,0,0,0,1,0,0,0,0,0,0,0,0,0,0,0,0,0,0,0,0,1,0.3333333333333333,1
206,Ed Sheeran,Take Me Back to London (feat. Stormzy),0.20674613224984237,1.0,2019,0.7415730337078652,0.8936170212765958,0.7489672704162695,0.7272727272727273,0.7412293704911552,0.0,0.3487698986975398,0.22436998760631358,0.0,0.16897173782321107,0.6063750133704139,0.5173902089742229,pop,0,0,0,0,0,0,0,0,0,1,0,0,0,0,0,0,0,0,0,0,0,0,0,0,0,0.8888888888888888,5
207,Megan Thee Stallion,Hot Girl Summer (feat. Nicki Minaj & Ty Dolla $ign),0.23286523362773678,1.0,2019,0.7752808988764045,0.8782505910165485,0.8040461815485648,0.0,0.7879237078762724,1.0,0.23842257597684516,0.004949687534836752,1.9898477157360407e-06,0.23150932050511125,0.5689378543159695,0.25834040521905166,"hip hop, pop, R&B",1,0,0,0,0,0,0,0,0,0,1,0,0,0,0,0,0,0,0,0,0,0,0,0,1,0.4444444444444444,7
208,Post Malone,Circles,0.2755788827038416,0.0,2019,0.9550561797752809,0.6690307328605201,0.7489672704162695,0.0,0.8408439569127384,1.0,0.02948625180897251,0.19670550896083203,0.0024771573604060915,0.07793144918821407,0.5507540913466682,0.3979460591916835,hip hop,0,0,0,0,0,0,0,0,0,0,0,0,0,0,0,0,0,0,0,0,0,0,0,0,1,0.7777777777777778,1
